3_0; 3_1; 3_2; 3_3; 3_4; 3_5; 3_6; 3_7; 3_8; 3_9; 3_10; 3_11; 3_12
1 syllable; Closed syllables; Open syllables; vc/cv; v/cv; v/v; vc/v; qu:vc/cv, qu:v/cv, qu:v/v; ture:vc/cv, ture:v/cv, ture:vc/v; 2 syllables; 3 syllables; 4 syllables; 5 or more syllables
a ( [a-ə] ); into # in-to ˈɪn.tə ( [i-ɪ] [n-n] [t-t] [o-ə] ) NULL; any # a-ny ˈe.ni ( [a-e] [n-n] [y-i] ) NULL; into # in-to ˈɪn.tə ( [i-ɪ] [n-n] [t-t] [o-ə] ) NULL; any # a-ny ˈe.ni ( [a-e] [n-n] [y-i] ) NULL; sayer # say-er ˈseɪ.ə ( [s-s] [ay-eɪ] [er-ə] ) er; even # ev-en ˈiːv.ən ( [e-iː] [v-v] [e-ə] [n-n] ) NULL; require # re-quire rɪ.ˈkwaɪ.ə ( [r-r] [e-ɪ] [q-k] [u-w] [i-aɪ] [re-ə] ) NULL; future # fu-ture ˈfjuː.tʃər ( [f-f] [u-juː] [t-tʃ] [u-ə] [r-r] [e-] ) NULL; any # a-ny ˈe.ni ( [a-e] [n-n] [y-i] ) NULL; family # fa-mi-ly ˈfæ.mə.li ( [f-f] [a-æ] [m-m] [i-ə] [l-l] [y-i] ) NULL; economy # ec-o-no-my ɪˈk.ɒ.nə.mi ( [e-ɪ] [c-k] [o-ɒ] [n-n] [o-ə] [m-m] [y-i] ) NULL; opportunity # op-por-tu-ni-ty ˌɒ.pə.ˈtjuː.nɪ.ti ( [o-ɒ] [pp-p] [or-ə] [t-t] [u-juː] [n-n] [i-ɪ] [t-t] [y-i] ) ity
I ( [i-aɪ] ); also # al-so ˈɔːl.səʊ ( [a-ɔː] [l-l] [s-s] [o-əʊ] ) NULL; over # o-ver ˈəʊ.və ( [o-əʊ] [v-v] [er-ə] ) NULL; also # al-so ˈɔːl.səʊ ( [a-ɔː] [l-l] [s-s] [o-əʊ] ) NULL; over # o-ver ˈəʊ.və ( [o-əʊ] [v-v] [er-ə] ) NULL; going # go-ing ˈgəʊ.ɪŋ ( [g-g] [o-əʊ] [i-ɪ] [ng-ŋ] ) ing; okay # ok-ay ˌəʊˈk.eɪ ( [o-əʊ] [k-k] [ay-eɪ] ) NULL; quiet # qui-et ˈkwaɪ.ət ( [q-k] [u-w] [i-aɪ] [e-ə] [t-t] ) NULL; nature # na-ture ˈneɪ.tʃər ( [n-n] [a-eɪ] [t-tʃ] [u-ə] [r-r] [e-] ) NULL; into # in-to ˈɪn.tə ( [i-ɪ] [n-n] [t-t] [o-ə] ) NULL; another # a-noth-er ə.ˈnʌð.ə ( [a-ə] [n-n] [o-ʌ] [th-ð] [er-ə] ) NULL; ability # a-bi-li-ty ə.ˈbɪ.lə.ti ( [a-ə] [b-b] [i-ɪ] [l-l] [i-ə] [t-t] [y-i] ) ility; organisation # or-ga-ni-za-tion ˌɔː.gə.naɪ.ˈzeɪʃ.ən ( [or-ɔː] [g-g] [a-ə] [n-n] [i-aɪ] [s-z] [a-eɪ] [ti-ʃ] [o-ə] [n-n] ) NULL
be ( [b-b] [e-i] ); very # ver-y ˈver.i ( [v-v] [e-e] [r-r] [y-i] ) NULL; about # a-bout ə.ˈbaʊt ( [a-ə] [b-b] [ou-aʊ] [t-t] ) NULL; only # on-ly ˈəʊn.li ( [o-əʊ] [n-n] [l-l] [y-i] ) NULL; about # a-bout ə.ˈbaʊt ( [a-ə] [b-b] [ou-aʊ] [t-t] ) NULL; seeing # se-eing ˈsiː.ɪŋ ( [s-s] [e-iː] [ei-ɪ] [ng-ŋ] ) ing; user # us-er ˈjuːz.ə ( [u-juː] [s-z] [er-ə] ) NULL; equal # e-qual ˈiː.kwəl ( [e-iː] [q-k] [u-w] [a-ə] [l-l] ) al; picture # pic-ture ˈpɪk.tʃər ( [p-p] [i-ɪ] [c-k] [t-tʃ] [u-ə] [r-r] [e-] ) NULL; also # al-so ˈɔːl.səʊ ( [a-ɔː] [l-l] [s-s] [o-əʊ] ) NULL; area # a-re-a ˈeə.ri.ə ( [a-eə] [r-r] [e-i] [a-ə] ) NULL; American # a-me-ri-can ə.ˈme.rɪ.kən ( [a-ə] [m-m] [e-e] [r-r] [i-ɪ] [c-k] [a-ə] [n-n] ) NULL; particularly # par-ti-cu-lar-ly pə.ˈtɪ.kjʊ.lə.li ( [p-p] [ar-ə] [t-t] [i-ɪ] [c-k] [u-jʊ] [l-l] [ar-ə] [l-l] [y-i] ) NULL
of ( [o-ɒ] [f-v] ); many # man-y ˈmen.i ( [m-m] [a-e] [n-n] [y-i] ) NULL; woman # wo-man ˈwʊ.mən ( [w-w] [o-ʊ] [m-m] [a-ə] [n-n] ) NULL; after # af-ter ˈɑːf.tə ( [a-ɑː] [f-f] [t-t] [er-ə] ) NULL; woman # wo-man ˈwʊ.mən ( [w-w] [o-ʊ] [m-m] [a-ə] [n-n] ) NULL; trying # try-ing ˈtraɪ.ɪŋ ( [t-t] [r-r] [y-aɪ] [i-ɪ] [ng-ŋ] ) ing; power # pow-er ˈpaʊ.ə ( [p-p] [ow-aʊ] [er-ə] ) NULL; question # ques-tion ˈkwes.tʃən ( [q-k] [u-w] [e-e] [s-s] [ti-tʃ] [o-ə] [n-n] ) NULL; culture # cul-ture ˈkʌl.tʃər ( [c-k] [u-ʌ] [l-l] [t-tʃ] [u-ə] [r-r] [e-] ) NULL; very # ver-y ˈver.i ( [v-v] [e-e] [r-r] [y-i] ) NULL; idea # i-de-a aɪ.ˈdɪ.ə ( [i-aɪ] [d-d] [e-ɪ] [a-ə] ) NULL; anything # a-ny-th-ing ˈe.ni.θ.ɪŋ ( [a-e] [n-n] [y-i] [th-θ] [i-ɪ] [ng-ŋ] ) NULL; international # int-er-nati-o-nal ˌɪnt.ə.ˈnæʃ.ə.nəl ( [i-ɪ] [n-n] [t-t] [er-ə] [n-n] [a-æ] [ti-ʃ] [o-ə] [n-n] [a-ə] [l-l] ) al
in ( [i-ɪ] [n-n] ); only # on-ly ˈəʊn.li ( [o-əʊ] [n-n] [l-l] [y-i] ) NULL; never # ne-ver ˈne.və ( [n-n] [e-e] [v-v] [er-ə] ) NULL; people # peop-le ˈpiːp.əl ( [p-p] [eo-iː] [p-p] [le-əl] ) NULL; never # ne-ver ˈne.və ( [n-n] [e-e] [v-v] [er-ə] ) NULL; needed # ne-eded ˈniː.dɪd ( [n-n] [ee-iː] [d-d] [e-ɪ] [d-d] ) ed; level # lev-el ˈlev.əl ( [l-l] [e-e] [v-v] [el-əl] ) NULL; unique # u-nique juː.ˈniːk ( [u-juː] [n-n] [i-iː] [que-k] ) NULL; structure # struc-ture ˈstrʌk.tʃər ( [s-s] [t-t] [r-r] [u-ʌ] [c-k] [t-tʃ] [u-ə] [r-r] [e-] ) NULL; many # man-y ˈmen.i ( [m-m] [a-e] [n-n] [y-i] ) NULL; policy # po-li-cy ˈpɒ.lə.si ( [p-p] [o-ɒ] [l-l] [i-ə] [c-s] [y-i] ) NULL; actually # ac-tu-al-ly ˈæk.tʃu.ə.li ( [a-æ] [c-k] [t-tʃ] [u-u] [a-ə] [ll-l] [y-i] ) NULL; environmental # en-vi-ron-men-tal ɪn.ˌvaɪ.rən.ˈmen.təl ( [e-ɪ] [n-n] [v-v] [i-aɪ] [r-r] [o-ə] [n-n] [m-m] [e-e] [n-n] [t-t] [a-ə] [l-l] ) al
to ( [t-t] [o-uː] ); even # ev-en ˈiːv.ən ( [e-iː] [v-v] [e-ə] [n-n] ) NULL; become # be-come bɪ.ˈkʌm ( [b-b] [e-ɪ] [c-k] [o.e-ʌ] [m-m] ) NULL; really # real-ly ˈrɪə.li ( [r-r] [e-ɪ] [a-ə] [ll-l] [y-i] ) NULL; become # be-come bɪ.ˈkʌm ( [b-b] [e-ɪ] [c-k] [o.e-ʌ] [m-m] ) NULL; via # vi-a ˈvaɪ.ə ( [v-v] [i-aɪ] [a-ə] ) NULL; model # mod-el ˈmɒd.əl ( [m-m] [o-ɒ] [d-d] [el-əl] ) NULL; quarter # quar-ter ˈkwɔː.tə ( [q-k] [u-w] [ar-ɔː] [t-t] [er-ə] ) NULL; feature # fea-ture ˈfiː.tʃər ( [f-f] [ea-iː] [t-tʃ] [u-ə] [r-r] [e-] ) NULL; only # on-ly ˈəʊn.li ( [o-əʊ] [n-n] [l-l] [y-i] ) NULL; company # com-pa-ny ˈkʌm.pə.ni ( [c-k] [o-ʌ] [m-m] [p-p] [a-ə] [n-n] [y-i] ) NULL; economic # ec-o-no-mic ˌiːk.ə.ˈnɒ.mɪk ( [e-iː] [c-k] [o-ə] [n-n] [o-ɒ] [m-m] [i-ɪ] [c-k] ) NULL; administration # ad-mi-ni-stra-tion əd.ˌmɪ.nɪ.ˈstreɪʃ.ən ( [a-ə] [d-d] [m-m] [i-ɪ] [n-n] [i-ɪ] [s-s] [t-t] [r-r] [a-eɪ] [ti-ʃ] [o-ə] [n-n] ) NULL
it ( [i-ɪ] [t-t] ); other # oth-er ˈʌð.ə ( [o-ʌ] [th-ð] [er-ə] ) NULL; because # be-cause bɪ.ˈkɒz ( [b-b] [e-ɪ] [c-k] [au-ɒ] [s-z] [e-] ) NULL; able # ab-le ˈeɪb.əl ( [a-eɪ] [b-b] [le-əl] ) NULL; because # be-cause bɪ.ˈkɒz ( [b-b] [e-ɪ] [c-k] [au-ɒ] [s-z] [e-] ) NULL; eyeing # ey-eing ˈaɪ.ɪŋ ( [ey-aɪ] [ei-ɪ] [ng-ŋ] ) ing; during # dur-ing ˈdjʊər.ɪŋ ( [d-d] [u-jʊə] [r-r] [i-ɪ] [ng-ŋ] ) NULL; quoted # quo-ted ˈkwəʊ.tɪd ( [q-k] [u-w] [o-əʊ] [t-t] [e-ɪ] [d-d] ) ed; capture # cap-ture ˈkæp.tʃər ( [c-k] [a-æ] [p-p] [t-tʃ] [u-ə] [r-r] [e-] ) NULL; even # ev-en ˈiːv.ən ( [e-iː] [v-v] [e-ə] [n-n] ) NULL; however # how-e-ver haʊ.ˈe.və ( [h-h] [ow-aʊ] [e-e] [v-v] [er-ə] ) NULL; military # mi-li-tar-y ˈmɪ.lɪ.ter.i ( [m-m] [i-ɪ] [l-l] [i-ɪ] [t-t] [a-e] [r-r] [y-i] ) NULL; university # u-ni-ver-si-ty ˌjuː.nɪ.ˈvɜː.sɪ.ti ( [u-juː] [n-n] [i-ɪ] [v-v] [er-ɜː] [s-s] [i-ɪ] [t-t] [y-i] ) ity
he ( [h-h] [e-i] ); after # af-ter ˈɑːf.tə ( [a-ɑː] [f-f] [t-t] [er-ə] ) NULL; between # be-tween bɪ.ˈtwiːn ( [b-b] [e-ɪ] [t-t] [w-w] [ee-iː] [n-n] ) NULL; onto # on-to ˈɒn.tu ( [o-ɒ] [n-n] [t-t] [o-u] ) NULL; student # stu-dent ˈstjuː.dənt ( [s-s] [t-t] [u-juː] [d-d] [e-ə] [n-n] [t-t] ) NULL; create # cre-ate kriː.ˈeɪt ( [c-k] [r-r] [e-iː] [a.e-eɪ] [t-t] ) NULL; second # sec-ond ˈsek.ənd ( [s-s] [e-e] [c-k] [o-ə] [n-n] [d-d] ) NULL; request # re-quest rɪ.ˈkwest ( [r-r] [e-ɪ] [q-k] [u-w] [e-e] [s-s] [t-t] ) NULL; mixture # mix-ture ˈmɪks.tʃər ( [m-m] [i-ɪ] [x-ks] [t-tʃ] [u-ə] [r-r] [e-] ) NULL; over # o-ver ˈəʊ.və ( [o-əʊ] [v-v] [er-ə] ) NULL; already # al-rea-dy ɔːl.ˈre.di ( [a-ɔː] [l-l] [r-r] [ea-e] [d-d] [y-i] ) NULL; activity # ac-ti-vi-ty æk.ˈtɪ.və.ti ( [a-æ] [c-k] [t-t] [i-ɪ] [v-v] [i-ə] [t-t] [y-i] ) ity; possibility # pos-si-bi-li-ty ˌpɒ.sɪ.ˈbɪ.lɪ.ti ( [p-p] [o-ɒ] [ss-s] [i-ɪ] [b-b] [i-ɪ] [l-l] [i-ɪ] [t-t] [y-i] ) ility
do ( [d-d] [o-uː] ); people # peop-le ˈpiːp.əl ( [p-p] [eo-iː] [p-p] [le-əl] ) NULL; student # stu-dent ˈstjuː.dənt ( [s-s] [t-t] [u-juː] [d-d] [e-ə] [n-n] [t-t] ) NULL; army # ar-my ˈɑː.mi ( [ar-ɑː] [m-m] [y-i] ) NULL; ago # a-go ə.ˈgəʊ ( [a-ə] [g-g] [o-əʊ] ) NULL; footed # fo-oted ˈfʊ.tɪd ( [f-f] [oo-ʊ] [t-t] [e-ɪ] [d-d] ) ed; season # seas-on ˈsiːz.ən ( [s-s] [ea-iː] [s-z] [o-ə] [n-n] ) NULL; quitting # quit-ting ˈkwɪt.ɪŋ ( [q-k] [u-w] [i-ɪ] [tt-t] [i-ɪ] [ng-ŋ] ) ing; creature # creat-ure ˈkriːtʃ.ər ( [c-k] [r-r] [ea-iː] [t-tʃ] [u-ə] [r-r] [e-] ) NULL; about # a-bout ə.ˈbaʊt ( [a-ə] [b-b] [ou-aʊ] [t-t] ) NULL; history # his-to-ry ˈhɪs.tə.ri ( [h-h] [i-ɪ] [s-s] [t-t] [o-ə] [r-r] [y-i] ) tory; material # ma-ter-i-al mə.ˈtɪər.ɪ.əl ( [m-m] [a-ə] [t-t] [er-ɪər] [i-ɪ] [a-ə] [l-l] ) al; educational # e-duc-a-tion-al ˌe.dʒʊˈk.eɪʃ.ən.əl ( [e-e] [d-dʒ] [u-ʊ] [c-k] [a-eɪ] [ti-ʃ] [o-ə] [n-n] [a-ə] [l-l] ) al
on ( [o-ɒ] [n-n] ); really # real-ly ˈrɪə.li ( [r-r] [e-ɪ] [a-ə] [ll-l] [y-i] ) NULL; something # some-thing ˈsʌm.θɪŋ ( [s-s] [o.e-ʌ] [m-m] [th-θ] [i-ɪ] [ng-ŋ] ) NULL; issue # is-sue ˈɪ.ʃuː ( [i-ɪ] [ss-ʃ] [ue-uː] ) NULL; away # a-way ə.ˈweɪ ( [a-ə] [w-w] [ay-eɪ] ) NULL; buying # buy-ing ˈbaɪ.ɪŋ ( [b-b] [uy-aɪ] [i-ɪ] [ng-ŋ] ) ing; seven # sev-en ˈsev.ən ( [s-s] [e-e] [v-v] [e-ə] [n-n] ) NULL; equip # e-quip ɪ.ˈkwɪp ( [e-ɪ] [q-k] [u-w] [i-ɪ] [p-p] ) NULL; gesture # ges-ture ˈdʒes.tʃər ( [g-dʒ] [e-e] [s-s] [t-tʃ] [u-ə] [r-r] [e-] ) NULL; other # oth-er ˈʌð.ə ( [o-ʌ] [th-ð] [er-ə] ) NULL; develop # de-ve-lop dɪ.ˈve.ləp ( [d-d] [e-ɪ] [v-v] [e-e] [l-l] [o-ə] [p-p] ) NULL; security # se-cu-ri-ty sɪ.ˈkjʊə.rɪ.ti ( [s-s] [e-ɪ] [c-k] [u-jʊə] [r-r] [i-ɪ] [t-t] [y-i] ) ity; investigation # in-ve-sti-ga-tion ɪn.ˌve.stɪ.ˈgeɪʃ.ən ( [i-ɪ] [n-n] [v-v] [e-e] [s-s] [t-t] [i-ɪ] [g-g] [a-eɪ] [ti-ʃ] [o-ə] [n-n] ) NULL
we ( [w-w] [e-i] ); country # countr-y ˈkʌntr.i ( [c-k] [ou-ʌ] [n-n] [t-t] [r-r] [y-i] ) NULL; ago # a-go ə.ˈgəʊ ( [a-ə] [g-g] [o-əʊ] ) NULL; until # un-til ʌn.ˈtɪl ( [u-ʌ] [n-n] [t-t] [i-ɪ] [l-l] ) NULL; ever # e-ver ˈe.və ( [e-e] [v-v] [er-ə] ) NULL; someone # some-one ˈsʌm.wʌn ( [s-s] [o.e-ʌ] [m-m] [one-wʌn] ) NULL; legal # leg-al ˈliːg.əl ( [l-l] [e-iː] [g-g] [a-ə] [l-l] ) al; liquid # li-quid ˈlɪ.kwɪd ( [l-l] [i-ɪ] [q-k] [u-w] [i-ɪ] [d-d] ) NULL; venture # ven-ture ˈven.tʃər ( [v-v] [e-e] [n-n] [t-tʃ] [u-ə] [r-r] [e-] ) NULL; woman # wo-man ˈwʊ.mən ( [w-w] [o-ʊ] [m-m] [a-ə] [n-n] ) NULL; Iraqi # i-ra-qi ɪ.ˈrɑː.ki ( [i-ɪ] [r-r] [a-ɑː] [q-k] [i-i] ) NULL; analysis # a-na-ly-sis ə.ˈnæ.lə.sɪs ( [a-ə] [n-n] [a-æ] [l-l] [y-ə] [s-s] [i-ɪ] [s-s] ) NULL; communication # com-mu-nic-a-tion kə.ˌmjuː.nɪˈk.eɪʃ.ən ( [c-k] [o-ə] [mm-m] [u-juː] [n-n] [i-ɪ] [c-k] [a-eɪ] [ti-ʃ] [o-ə] [n-n] ) NULL
at ( [a-æ] [t-t] ); able # ab-le ˈeɪb.əl ( [a-eɪ] [b-b] [le-əl] ) NULL; via # vi-a ˈvaɪ.ə ( [v-v] [i-aɪ] [a-ə] ) NULL; often # of-ten ˈɒf.tən ( [o-ɒ] [f-f] [t-t] [e-ə] [n-n] ) NULL; city # ci-ty ˈsɪ.ti ( [c-s] [i-ɪ] [t-t] [y-i] ) NULL; diet # di-et ˈdaɪ.ət ( [d-d] [i-aɪ] [e-ə] [t-t] ) NULL; final # fin-al ˈfaɪn.əl ( [f-f] [i-aɪ] [n-n] [a-ə] [l-l] ) al; squeezes # sque-ezes ˈskwiː.zɪz ( [s-s] [q-k] [u-w] [ee-iː] [z-z] [e-ɪ] [s-z] ) s; lecture # lec-ture ˈlek.tʃər ( [l-l] [e-e] [c-k] [t-tʃ] [u-ə] [r-r] [e-] ) NULL; after # af-ter ˈɑːf.tə ( [a-ɑː] [f-f] [t-t] [er-ə] ) NULL; enemy # e-ne-my ˈe.nə.mi ( [e-e] [n-n] [e-ə] [m-m] [y-i] ) NULL; identify # i-den-ti-fy aɪ.ˈden.tɪ.faɪ ( [i-aɪ] [d-d] [e-e] [n-n] [t-t] [i-ɪ] [f-f] [y-aɪ] ) NULL; significantly # sig-ni-fic-ant-ly sɪg.ˈnɪ.fɪk.ənt.li ( [s-s] [i-ɪ] [g-g] [n-n] [i-ɪ] [f-f] [i-ɪ] [c-k] [a-ə] [n-n] [t-t] [l-l] [y-i] ) NULL
by ( [b-b] [y-aɪ] ); onto # on-to ˈɒn.tu ( [o-ɒ] [n-n] [t-t] [o-u] ) NULL; away # a-way ə.ˈweɪ ( [a-ə] [w-w] [ay-eɪ] ) NULL; allow # al-low ə.ˈlaʊ ( [a-ə] [ll-l] [ow-aʊ] ) NULL; body # bo-dy ˈbɒ.di ( [b-b] [o-ɒ] [d-d] [y-i] ) NULL; poem # po-em ˈpəʊ.ɪm ( [p-p] [o-əʊ] [e-ɪ] [m-m] ) NULL; exist # ex-ist ɪg.ˈzɪst ( [e-ɪ] [x-gz] [i-ɪ] [s-s] [t-t] ) NULL; sequence # se-quence ˈsiː.kwəns ( [s-s] [e-iː] [q-k] [u-w] [e-ə] [n-n] [ce-s] ) NULL; texture # tex-ture ˈteks.tʃər ( [t-t] [e-e] [x-ks] [t-tʃ] [u-ə] [r-r] [e-] ) NULL; never # ne-ver ˈne.və ( [n-n] [e-e] [v-v] [er-ə] ) NULL; energy # e-ner-gy ˈe.nə.dʒi ( [e-e] [n-n] [er-ə] [g-dʒ] [y-i] ) NULL; political # po-li-tic-al pə.ˈlɪ.tɪk.əl ( [p-p] [o-ə] [l-l] [i-ɪ] [t-t] [i-ɪ] [c-k] [a-ə] [l-l] ) al; responsibility # re-spon-si-bi-li-ty rɪ.ˌspɒn.sɪ.ˈbɪ.lɪ.ti ( [r-r] [e-ɪ] [s-s] [p-p] [o-ɒ] [n-n] [s-s] [i-ɪ] [b-b] [i-ɪ] [l-l] [i-ɪ] [t-t] [y-i] ) ility
or ( [or-ɔː] ); okay # ok-ay ˌəʊˈk.eɪ ( [o-əʊ] [k-k] [ay-eɪ] ) NULL; ever # e-ver ˈe.və ( [e-e] [v-v] [er-ə] ) NULL; party # par-ty ˈpɑː.ti ( [p-p] [ar-ɑː] [t-t] [y-i] ) y; open # o-pen ˈəʊ.pən ( [o-əʊ] [p-p] [e-ə] [n-n] ) NULL; truer # tru-er ˈtruː.ə ( [t-t] [r-r] [u-uː] [er-ə] ) er; total # tot-al ˈtəʊt.əl ( [t-t] [o-əʊ] [t-t] [a-ə] [l-l] ) al; frequent # fre-quent frɪ.ˈkwent ( [f-f] [r-r] [e-ɪ] [q-k] [u-w] [e-e] [n-n] [t-t] ) NULL;  ; people # peop-le ˈpiːp.əl ( [p-p] [eo-iː] [p-p] [le-əl] ) NULL; anyone # a-ny-one ˈe.ni.wʌn ( [a-e] [n-n] [y-i] [one-wʌn] ) NULL; community # com-mu-ni-ty kə.ˈmjuː.nɪ.ti ( [c-k] [o-ə] [mm-m] [u-juː] [n-n] [i-ɪ] [t-t] [y-i] ) ity; characteristic # cha-rac-te-ri-stic ˌkæ.rək.tə.ˈrɪ.stɪk ( [ch-k] [a-æ] [r-r] [a-ə] [c-k] [t-t] [e-ə] [r-r] [i-ɪ] [s-s] [t-t] [i-ɪ] [c-k] ) NULL
as ( [a-æ] [s-z] ); army # ar-my ˈɑː.mi ( [ar-ɑː] [m-m] [y-i] ) NULL; city # ci-ty ˈsɪ.ti ( [c-s] [i-ɪ] [t-t] [y-i] ) NULL; early # ear-ly ˈɜː.li ( [ear-ɜː] [l-l] [y-i] ) NULL; data # da-ta ˈdeɪ.tə ( [d-d] [a-eɪ] [t-t] [a-ə] ) NULL; trial # tri-al ˈtraɪ.əl ( [t-t] [r-r] [i-aɪ] [a-ə] [l-l] ) al; dozen # doz-en ˈdʌz.ən ( [d-d] [o-ʌ] [z-z] [e-ə] [n-n] ) NULL; required # re-quired rɪ.ˈkwaɪ.əd ( [r-r] [e-ɪ] [q-k] [u-w] [i-aɪ] [re-ə] [d-d] ) NULL;  ; really # real-ly ˈrɪə.li ( [r-r] [e-ɪ] [a-ə] [ll-l] [y-i] ) NULL; agency # a-gen-cy ˈeɪ.dʒən.si ( [a-eɪ] [g-dʒ] [e-ə] [n-n] [c-s] [y-i] ) NULL; education # e-duc-a-tion ˌe.dʒʊˈk.eɪʃ.ən ( [e-e] [d-dʒ] [u-ʊ] [c-k] [a-eɪ] [ti-ʃ] [o-ə] [n-n] ) NULL; evaluation # e-va-lu-a-tion ɪ.ˌvæ.ljʊ.ˈeɪʃ.ən ( [e-ɪ] [v-v] [a-æ] [l-l] [u-jʊ] [a-eɪ] [ti-ʃ] [o-ə] [n-n] ) NULL
go ( [g-g] [o-əʊ] ); ring # r-ing rɪŋ ( [r-r] [i-ɪ] [ng-ŋ] ) NULL; body # bo-dy ˈbɒ.di ( [b-b] [o-ɒ] [d-d] [y-i] ) NULL; offer # of-fer ˈɒ.fə ( [o-ɒ] [ff-f] [er-ə] ) NULL; easy # ea-sy ˈiː.zi ( [ea-iː] [s-z] [y-i] ) y; quiet # qui-et ˈkwaɪ.ət ( [q-k] [u-w] [i-aɪ] [e-ə] [t-t] ) NULL; metal # met-al ˈmet.əl ( [m-m] [e-e] [t-t] [a-ə] [l-l] ) al; squareness # square-ness ˈskweə.nəs ( [s-s] [q-k] [u-w] [are-eə] [n-n] [e-ə] [ss-s] ) ness;  ; become # be-come bɪ.ˈkʌm ( [b-b] [e-ɪ] [c-k] [o.e-ʌ] [m-m] ) NULL; animal # a-nim-al ˈæ.nɪm.əl ( [a-æ] [n-n] [i-ɪ] [m-m] [a-ə] [l-l] ) al; situation # si-tu-a-tion ˌsɪ.tʃʊ.ˈeɪʃ.ən ( [s-s] [i-ɪ] [t-tʃ] [u-ʊ] [a-eɪ] [ti-ʃ] [o-ə] [n-n] ) NULL; disability # di-sa-bi-li-ty ˌdɪ.sə.ˈbɪ.lɪ.ti ( [d-d] [i-ɪ] [s-s] [a-ə] [b-b] [i-ɪ] [l-l] [i-ɪ] [t-t] [y-i] ) ility
if ( [i-ɪ] [f-f] ); user # us-er ˈjuːz.ə ( [u-juː] [s-z] [er-ə] ) NULL; open # o-pen ˈəʊ.pən ( [o-əʊ] [p-p] [e-ə] [n-n] ) NULL; number # num-ber ˈnʌm.bə ( [n-n] [u-ʌ] [m-m] [b-b] [er-ə] ) NULL; baby # ba-by ˈbeɪ.bi ( [b-b] [a-eɪ] [b-b] [y-i] ) NULL; drier # dri-er ˈdraɪ.ə ( [d-d] [r-r] [i-aɪ] [er-ə] ) er; panel # pan-el ˈpæn.əl ( [p-p] [a-æ] [n-n] [el-əl] ) NULL;  ;  ; because # be-cause bɪ.ˈkɒz ( [b-b] [e-ɪ] [c-k] [au-ɒ] [s-z] [e-] ) NULL; theory # the-o-ry ˈθi.ə.ri ( [th-θ] [e-i] [o-ə] [r-r] [y-i] ) NULL; available # a-vai-lab-le ə.ˈveɪ.ləb.əl ( [a-ə] [v-v] [ai-eɪ] [l-l] [a-ə] [b-b] [le-əl] ) able; elementary # e-le-men-ta-ry ˌe.lɪ.ˈmen.tə.ri ( [e-e] [l-l] [e-ɪ] [m-m] [e-e] [n-n] [t-t] [a-ə] [r-r] [y-i] ) NULL
my ( [m-m] [y-aɪ] ); wing # w-ing wɪŋ ( [w-w] [i-ɪ] [ng-ŋ] ) NULL; data # da-ta ˈdeɪ.tə ( [d-d] [a-eɪ] [t-t] [a-ə] ) NULL; happen # hap-pen ˈhæ.pən ( [h-h] [a-æ] [pp-p] [e-ə] [n-n] ) NULL; fire # fi-re ˈfaɪ.ə ( [f-f] [i-aɪ] [re-ə] ) NULL; being # be-ing ˈbiː.ɪŋ ( [b-b] [e-iː] [i-ɪ] [ng-ŋ] ) NULL; novel # nov-el ˈnɒv.əl ( [n-n] [o-ɒ] [v-v] [el-əl] ) NULL;  ;  ; between # be-tween bɪ.ˈtwiːn ( [b-b] [e-ɪ] [t-t] [w-w] [ee-iː] [n-n] ) NULL; entire # en-ti-re ɪn.ˈtaɪ.ə ( [e-ɪ] [n-n] [t-t] [i-aɪ] [re-ə] ) NULL; everybody # eve-ry-bod-y ˈev.rɪ.ˌbɒd.i ( [e-e] [v-v] [e-] [r-r] [y-ɪ] [b-b] [o-ɒ] [d-d] [y-i] ) NULL; biological # bi-o-lo-gic-al ˌbaɪ.ə.ˈlɒ.dʒɪk.əl ( [b-b] [i-aɪ] [o-ə] [l-l] [o-ɒ] [g-dʒ] [i-ɪ] [c-k] [a-ə] [l-l] ) al
up ( [u-ʌ] [p-p] ); under # und-er ˈʌnd.ə ( [u-ʌ] [n-n] [d-d] [er-ə] ) NULL; easy # ea-sy ˈiː.zi ( [ea-iː] [s-z] [y-i] ) y; always # al-ways ˈɔːl.weɪz ( [a-ɔː] [l-l] [w-w] [ay-eɪ] [s-z] ) NULL; upon # u-pon ə.ˈpɒn ( [u-ə] [p-p] [o-ɒ] [n-n] ) NULL; ocean # oce-an ˈəʊʃ.ən ( [o-əʊ] [ce-ʃ] [a-ə] [n-n] ) NULL; lower # low-er ˈləʊ.ə ( [l-l] [ow-əʊ] [er-ə] ) NULL;  ;  ; student # stu-dent ˈstjuː.dənt ( [s-s] [t-t] [u-juː] [d-d] [e-ə] [n-n] [t-t] ) NULL; memory # me-mo-ry ˈme.mə.ri ( [m-m] [e-e] [m-m] [o-ə] [r-r] [y-i] ) NULL; executive # ex-e-cu-tive ɪg.ˈze.kjʊ.tɪv ( [e-ɪ] [x-gz] [e-e] [c-k] [u-jʊ] [t-t] [i.e-ɪ] [v-v] ) NULL; association # as-so-ci-a-tion ə.ˌsəʊ.ʃi.ˈeɪʃ.ən ( [a-ə] [ss-s] [o-əʊ] [ci-ʃi] [a-eɪ] [ti-ʃ] [o-ə] [n-n] ) NULL
so ( [s-s] [o-əʊ] ); issue # is-sue ˈɪ.ʃuː ( [i-ɪ] [ss-ʃ] [ue-uː] ) NULL; baby # ba-by ˈbeɪ.bi ( [b-b] [a-eɪ] [b-b] [y-i] ) NULL; member # mem-ber ˈmem.bə ( [m-m] [e-e] [m-m] [b-b] [er-ə] ) NULL; unit # u-nit ˈjuː.nɪt ( [u-juː] [n-n] [i-ɪ] [t-t] ) NULL; giant # gi-ant ˈdʒaɪ.ənt ( [g-dʒ] [i-aɪ] [a-ə] [n-n] [t-t] ) NULL; maker # mak-er ˈmeɪk.ə ( [m-m] [a-eɪ] [k-k] [er-ə] ) NULL;  ;  ; country # countr-y ˈkʌntr.i ( [c-k] [ou-ʌ] [n-n] [t-t] [r-r] [y-i] ) NULL; camera # ca-me-ra ˈkæ.mə.rə ( [c-k] [a-æ] [m-m] [e-ə] [r-r] [a-ə] ) NULL; authority # au-tho-ri-ty ɔː.ˈθɒ.rə.ti ( [au-ɔː] [th-θ] [o-ɒ] [r-r] [i-ə] [t-t] [y-i] ) ity; personality # per-so-na-li-ty ˌpɜː.sə.ˈnæ.lɪ.ti ( [p-p] [er-ɜː] [s-s] [o-ə] [n-n] [a-æ] [l-l] [i-ɪ] [t-t] [y-i] ) ity
me ( [m-m] [e-iː] ); power # pow-er ˈpaʊ.ə ( [p-p] [ow-aʊ] [er-ə] ) NULL; fire # fi-re ˈfaɪ.ə ( [f-f] [i-aɪ] [re-ə] ) NULL; almost # al-most ˈɔːl.məʊst ( [a-ɔː] [l-l] [m-m] [o-əʊ] [s-s] [t-t] ) NULL; item # i-tem ˈaɪ.təm ( [i-aɪ] [t-t] [e-ə] [m-m] ) NULL; react # re-act rɪ.ˈækt ( [r-r] [e-ɪ] [a-æ] [c-k] [t-t] ) NULL; tower # tow-er ˈtaʊ.ə ( [t-t] [ow-aʊ] [er-ə] ) NULL;  ;  ; something # some-thing ˈsʌm.θɪŋ ( [s-s] [o.e-ʌ] [m-m] [th-θ] [i-ɪ] [ng-ŋ] ) NULL; finally # fi-nal-ly ˈfaɪ.nə.li ( [f-f] [i-aɪ] [n-n] [a-ə] [ll-l] [y-i] ) NULL; operation # o-pe-ra-tion ˌɒ.pə.ˈreɪʃ.ən ( [o-ɒ] [p-p] [e-ə] [r-r] [a-eɪ] [ti-ʃ] [o-ə] [n-n] ) NULL; negotiation # ne-go-ti-a-tion nɪ.ˌgəʊ.ʃɪ.ˈeɪʃ.ən ( [n-n] [e-ɪ] [g-g] [o-əʊ] [ti-ʃɪ] [a-eɪ] [ti-ʃ] [o-ə] [n-n] ) NULL
no ( [n-n] [o-əʊ] ); until # un-til ʌn.ˈtɪl ( [u-ʌ] [n-n] [t-t] [i-ɪ] [l-l] ) NULL; upon # u-pon ə.ˈpɒn ( [u-ə] [p-p] [o-ɒ] [n-n] ) NULL; follow # fol-low ˈfɒ.ləʊ ( [f-f] [o-ɒ] [ll-l] [o-əʊ] [w-] ) NULL; tiny # ti-ny ˈtaɪ.ni ( [t-t] [i-aɪ] [n-n] [y-i] ) NULL; prior # pri-or ˈpraɪ.ə ( [p-p] [r-r] [i-aɪ] [or-ə] ) NULL; onion # on-ion ˈʌn.jən ( [o-ʌ] [n-n] [i-j] [o-ə] [n-n] ) NULL;  ;  ; ago # a-go ə.ˈgəʊ ( [a-ə] [g-g] [o-əʊ] ) NULL; federal # fe-de-ral ˈfe.də.rəl ( [f-f] [e-e] [d-d] [e-ə] [r-r] [a-ə] [l-l] ) al; necessary # ne-ces-sa-ry ˈne.sə.sə.ri ( [n-n] [e-e] [c-s] [e-ə] [ss-s] [a-ə] [r-r] [y-i] ) NULL; Palestinian # pal-e-stin-i-an ˌpæl.ə.ˈstɪn.ɪ.ən ( [p-p] [a-æ] [l-l] [e-ə] [s-s] [t-t] [i-ɪ] [n-n] [i-ɪ] [a-ə] [n-n] ) NULL
us ( [u-ə] [s-z] ); often # of-ten ˈɒf.tən ( [o-ɒ] [f-f] [t-t] [e-ə] [n-n] ) NULL; unit # u-nit ˈjuː.nɪt ( [u-juː] [n-n] [i-ɪ] [t-t] ) NULL; office # of-fice ˈɒf.ɪs ( [o-ɒ] [ff-f] [i-ɪ] [ce-s] ) NULL; deny # de-ny dɪ.ˈnaɪ ( [d-d] [e-ɪ] [n-n] [y-aɪ] ) NULL; sooner # so-oner ˈsuː.nə ( [s-s] [oo-uː] [n-n] [er-ə] ) er; label # lab-el ˈleɪb.əl ( [l-l] [a-eɪ] [b-b] [el-əl] ) NULL;  ;  ; via # vi-a ˈvaɪ.ə ( [v-v] [i-aɪ] [a-ə] ) NULL; society # so-cie-ty sə.ˈsaɪ.ə.ti ( [s-s] [o-ə] [c-s] [i-aɪ] [e-ə] [t-t] [y-i] ) ty; experience # ex-per-i-ence ɪk.ˈspɪər.ɪ.əns ( [e-ɪ] [x-ks] [p-p] [er-ɪər] [i-ɪ] [e-ə] [n-n] [ce-s] ) NULL; cooperation # co-o-pe-ra-tion kəʊ.ˌɒ.pə.ˈreɪʃ.ən ( [c-k] [o-əʊ] [o-ɒ] [p-p] [e-ə] [r-r] [a-eɪ] [ti-ʃ] [o-ə] [n-n] ) NULL
the ( [th-ð] [e-i:] ); level # lev-el ˈlev.əl ( [l-l] [e-e] [v-v] [el-əl] ) NULL; item # i-tem ˈaɪ.təm ( [i-aɪ] [t-t] [e-ə] [m-m] ) NULL; appear # ap-pear ə.ˈpɪə ( [a-ə] [pp-p] [ear-ɪə] ) NULL; lady # la-dy ˈleɪ.di ( [l-l] [a-eɪ] [d-d] [y-i] ) NULL; poorer # po-orer ˈpʊə.rə ( [p-p] [o-ʊ] [o-ə] [r-r] [er-ə] ) er; decade # dec-ade ˈdek.eɪd ( [d-d] [e-e] [c-k] [a.e-eɪ] [d-d] ) NULL;  ;  ; away # a-way ə.ˈweɪ ( [a-ə] [w-w] [ay-eɪ] ) NULL; century # cen-tu-ry ˈsen.tʃə.ri ( [c-s] [e-e] [n-n] [t-tʃ] [u-ə] [r-r] [y-i] ) NULL; especially # e-spe-cial-ly ɪ.ˈspe.ʃə.li ( [e-ɪ] [s-s] [p-p] [e-e] [ci-ʃ] [a-ə] [ll-l] [y-i] ) NULL; electricity # e-lec-tri-ci-ty ɪ.ˌlek.ˈtrɪ.sɪ.ti ( [e-ɪ] [l-l] [e-e] [c-k] [t-t] [r-r] [i-ɪ] [c-s] [i-ɪ] [t-t] [y-i] ) ity
and ( [a-æ] [n-n] [d-d] ); allow # al-low ə.ˈlaʊ ( [a-ə] [ll-l] [ow-aʊ] ) NULL; tiny # ti-ny ˈtaɪ.ni ( [t-t] [i-aɪ] [n-n] [y-i] ) NULL; expect # ex-pect ɪk.ˈspekt ( [e-ɪ] [x-ks] [p-p] [e-e] [c-k] [t-t] ) NULL; hire # hi-re ˈhaɪ.ə ( [h-h] [i-aɪ] [re-ə] ) NULL; deeper # de-eper ˈdiː.pə ( [d-d] [ee-iː] [p-p] [er-ə] ) er; writer # writ-er ˈraɪt.ə ( [wr-r] [i-aɪ] [t-t] [er-ə] ) NULL;  ;  ; ever # e-ver ˈe.və ( [e-e] [v-v] [er-ə] ) NULL; medical # med-i-cal ˈmed.ɪ.kəl ( [m-m] [e-e] [d-d] [i-ɪ] [c-k] [a-ə] [l-l] ) al; Republican # re-pu-bli-can rɪ.ˈpʌ.blɪ.kən ( [r-r] [e-ɪ] [p-p] [u-ʌ] [b-b] [l-l] [i-ɪ] [c-k] [a-ə] [n-n] ) NULL; manufacturer # ma-nu-fac-tu-rer ˌmæ.njʊ.ˈfæk.tʃə.rə ( [m-m] [a-æ] [n-n] [u-jʊ] [f-f] [a-æ] [c-k] [t-tʃ] [u-ə] [r-r] [er-ə] ) NULL
for ( [f-f] [or-ɔː] ); party # par-ty ˈpɑː.ti ( [p-p] [ar-ɑː] [t-t] [y-i] ) y; deny # de-ny dɪ.ˈnaɪ ( [d-d] [e-ɪ] [n-n] [y-aɪ] ) NULL; effect # ef-fect ɪ.ˈfekt ( [e-ɪ] [ff-f] [e-e] [c-k] [t-t] ) NULL; jury # ju-ry ˈdʒʊə.ri ( [j-dʒ] [u-ʊə] [r-r] [y-i] ) NULL; chooses # cho-oses ˈtʃuː.zɪz ( [ch-tʃ] [oo-uː] [s-z] [e-ɪ] [s-z] ) s; meeting # meet-ing ˈmiːt.ɪŋ ( [m-m] [ee-iː] [t-t] [i-ɪ] [ng-ŋ] ) NULL;  ;  ; city # ci-ty ˈsɪ.ti ( [c-s] [i-ɪ] [t-t] [y-i] ) NULL; officer # of-fic-er ˈɒf.ɪs.ə ( [o-ɒ] [ff-f] [i-ɪ] [c-s] [er-ə] ) NULL; technology # tech-no-lo-gy tek.ˈnɒ.lə.dʒi ( [t-t] [e-e] [ch-k] [n-n] [o-ɒ] [l-l] [o-ə] [g-dʒ] [y-i] ) NULL; investigator # in-ve-sti-ga-tor ɪn.ˈve.stɪ.geɪ.tə ( [i-ɪ] [n-n] [v-v] [e-e] [s-s] [t-t] [i-ɪ] [g-g] [a-eɪ] [t-t] [or-ə] ) or
you ( [y-j] [ou-u] ); early # ear-ly ˈɜː.li ( [ear-ɜː] [l-l] [y-i] ) NULL; lady # la-dy ˈleɪ.di ( [l-l] [a-eɪ] [d-d] [y-i] ) NULL; former # for-mer ˈfɔː.mə ( [f-f] [or-ɔː] [m-m] [er-ə] ) NULL; duty # du-ty ˈdjuː.ti ( [d-d] [u-juː] [t-t] [y-i] ) ty; blooded # blo-oded ˈblʌ.dɪd ( [b-b] [l-l] [oo-ʌ] [d-d] [e-ɪ] [d-d] ) ed; feeling # feel-ing ˈfiːl.ɪŋ ( [f-f] [ee-iː] [l-l] [i-ɪ] [ng-ŋ] ) NULL;  ;  ; body # bo-dy ˈbɒ.di ( [b-b] [o-ɒ] [d-d] [y-i] ) NULL; similar # si-mi-lar ˈsɪ.mə.lə ( [s-s] [i-ɪ] [m-m] [i-ə] [l-l] [ar-ə] ) NULL; population # po-pu-la-tion ˌpɒ.pjʊ.ˈleɪʃ.ən ( [p-p] [o-ɒ] [p-p] [u-jʊ] [l-l] [a-eɪ] [ti-ʃ] [o-ə] [n-n] ) NULL; occasionally # oc-ca-sio-nal-ly əˈk.eɪ.ʒə.nə.li ( [o-ə] [cc-k] [a-eɪ] [si-ʒ] [o-ə] [n-n] [a-ə] [ll-l] [y-i] ) NULL
say ( [s-s] [ay-eɪ] ); offer # of-fer ˈɒ.fə ( [o-ɒ] [ff-f] [er-ə] ) NULL; hire # hi-re ˈhaɪ.ə ( [h-h] [i-aɪ] [re-ə] ) NULL; effort # ef-fort ˈe.fət ( [e-e] [ff-f] [or-ə] [t-t] ) NULL; rely # re-ly rɪ.ˈlaɪ ( [r-r] [e-ɪ] [l-l] [y-aɪ] ) NULL; science # sci-ence ˈsaɪ.əns ( [sc-s] [i-aɪ] [e-ə] [n-n] [ce-s] ) NULL; thousand # thous-and ˈθaʊz.ənd ( [th-θ] [ou-aʊ] [s-z] [a-ə] [n-n] [d-d] ) NULL;  ;  ; open # o-pen ˈəʊ.pən ( [o-əʊ] [p-p] [e-ə] [n-n] ) NULL; natural # nat-ur-al ˈnætʃ.ər.əl ( [n-n] [a-æ] [t-tʃ] [u-ə] [r-r] [a-ə] [l-l] ) al; individual # in-di-vi-dual ˌɪn.dɪ.ˈvɪ.djʊəl ( [i-ɪ] [n-n] [d-d] [i-ɪ] [v-v] [i-ɪ] [d-d] [u-jʊ] [a-ə] [l-l] ) dual; unfortunately # un-for-tu-nate-ly ʌn.ˈfɔː.tʃʊ.nət.li ( [u-ʌ] [n-n] [f-f] [or-ɔː] [t-tʃ] [u-ʊ] [n-n] [a-ə] [t-t] [e-] [l-l] [y-i] ) NULL
his ( [h-h] [i-ɪ] [s-z] ); model # mod-el ˈmɒd.əl ( [m-m] [o-ɒ] [d-d] [el-əl] ) NULL; jury # ju-ry ˈdʒʊə.ri ( [j-dʒ] [u-ʊə] [r-r] [y-i] ) NULL; better # bet-ter ˈbe.tə ( [b-b] [e-e] [tt-t] [er-ə] ) NULL; busy # bu-sy ˈbɪ.zi ( [b-b] [u-ɪ] [s-z] [y-i] ) NULL; greener # gre-ener ˈgriː.nə ( [g-g] [r-r] [ee-iː] [n-n] [er-ə] ) er; training # train-ing ˈtreɪn.ɪŋ ( [t-t] [r-r] [ai-eɪ] [n-n] [i-ɪ] [ng-ŋ] ) NULL;  ;  ; able # ab-le ˈeɪb.əl ( [a-eɪ] [b-b] [le-əl] ) NULL; article # ar-tic-le ˈɑː.tɪk.əl ( [ar-ɑː] [t-t] [i-ɪ] [c-k] [le-əl] ) NULL; television # tel-e-vi-sion ˈtel.ɪ.ˌvɪʒ.ən ( [t-t] [e-e] [l-l] [e-ɪ] [v-v] [i-ɪ] [si-ʒ] [o-ə] [n-n] ) NULL; psychological # psych-o-lo-gic-al ˌsaɪk.ə.ˈlɒ.dʒɪk.əl ( [ps-s] [y-aɪ] [ch-k] [o-ə] [l-l] [o-ɒ] [g-dʒ] [i-ɪ] [c-k] [a-ə] [l-l] ) al
but ( [b-b] [u-ʌ] [t-t] ); during # dur-ing ˈdjʊər.ɪŋ ( [d-d] [u-jʊə] [r-r] [i-ɪ] [ng-ŋ] ) NULL; duty # du-ty ˈdjuː.ti ( [d-d] [u-juː] [t-t] [y-i] ) ty; million # mil-lion ˈmɪ.lɪən ( [m-m] [i-ɪ] [ll-l] [i-ɪ] [o-ə] [n-n] ) NULL; begin # be-gin bɪ.ˈgɪn ( [b-b] [e-ɪ] [g-g] [i-ɪ] [n-n] ) NULL; meetings # me-etings ˈmiː.tɪŋz ( [m-m] [ee-iː] [t-t] [i-ɪ] [ng-ŋ] [s-z] ) s; modern # mod-ern ˈmɒd.ən ( [m-m] [o-ɒ] [d-d] [er-ə] [n-n] ) NULL;  ;  ; data # da-ta ˈdeɪ.tə ( [d-d] [a-eɪ] [t-t] [a-ə] ) NULL; usually # u-sual-ly ˈjuː.ʒə.li ( [u-juː] [s-ʒ] [u-ə] [a-] [ll-l] [y-i] ) NULL; democratic # de-mo-cra-tic ˌde.mə.ˈkræ.tɪk ( [d-d] [e-e] [m-m] [o-ə] [c-k] [r-r] [a-æ] [t-t] [i-ɪ] [c-k] ) NULL; approximately # ap-prox-i-mate-ly ə.ˈprɒk.sɪ.mət.li ( [a-ə] [pp-p] [r-r] [o-ɒ] [x-ks] [i-ɪ] [m-m] [a-ə] [t-t] [e-] [l-l] [y-i] ) NULL
not ( [n-n] [o-ɒ] [t-t] ); number # num-ber ˈnʌm.bə ( [n-n] [u-ʌ] [m-m] [b-b] [er-ə] ) NULL; rely # re-ly rɪ.ˈlaɪ ( [r-r] [e-ɪ] [l-l] [y-aɪ] ) NULL; service # ser-vice ˈsɜː.vɪs ( [s-s] [er-ɜː] [v-v] [i-ɪ] [ce-s] ) NULL; every # eve-ry ˈev.ri ( [e-e] [v-v] [e-] [r-r] [y-i] ) NULL; client # cli-ent ˈklaɪ.ənt ( [c-k] [l-l] [i-aɪ] [e-ə] [n-n] [t-t] ) NULL; global # glob-al ˈgləʊb.əl ( [g-g] [l-l] [o-əʊ] [b-b] [a-ə] [l-l] ) al;  ;  ; easy # ea-sy ˈiː.zi ( [ea-iː] [s-z] [y-i] ) y; exactly # ex-act-ly ɪg.ˈzækt.li ( [e-ɪ] [x-gz] [a-æ] [c-k] [t-t] [l-l] [y-i] ) NULL; particular # par-ti-cu-lar pə.ˈtɪ.kjʊ.lə ( [p-p] [ar-ə] [t-t] [i-ɪ] [c-k] [u-jʊ] [l-l] [ar-ə] ) NULL; administrator # ad-mi-ni-stra-tor əd.ˈmɪ.nɪ.streɪ.tər ( [a-ə] [d-d] [m-m] [i-ɪ] [n-n] [i-ɪ] [s-s] [t-t] [r-r] [a-eɪ] [t-t] [o-ə] [r-r] ) or
she ( [sh-ʃ] [e-i] ); happen # hap-pen ˈhæ.pən ( [h-h] [a-æ] [pp-p] [e-ə] [n-n] ) NULL; busy # bu-sy ˈbɪ.zi ( [b-b] [u-ɪ] [s-z] [y-i] ) NULL; himself # him-self hɪm.ˈself ( [h-h] [i-ɪ] [m-m] [s-s] [e-e] [l-l] [f-f] ) NULL; again # a-gain ə.ˈgen ( [a-ə] [g-g] [ai-e] [n-n] ) NULL; freedom # fre-edom ˈfriː.dəm ( [f-f] [r-r] [ee-iː] [d-d] [o-ə] [m-m] ) NULL; travel # trav-el ˈtræv.əl ( [t-t] [r-r] [a-æ] [v-v] [el-əl] ) NULL;  ;  ; baby # ba-by ˈbeɪ.bi ( [b-b] [a-eɪ] [b-b] [y-i] ) NULL; quality # qua-li-ty ˈkwɒ.lɪ.ti ( [q-k] [u-w] [a-ɒ] [l-l] [i-ɪ] [t-t] [y-i] ) ity; information # in-for-ma-tion ˌɪn.fə.ˈmeɪʃ.ən ( [i-ɪ] [n-n] [f-f] [or-ə] [m-m] [a-eɪ] [ti-ʃ] [o-ə] [n-n] ) NULL; consideration # con-si-de-ra-tion kən.ˌsɪ.də.ˈreɪʃ.ən ( [c-k] [o-ə] [n-n] [s-s] [i-ɪ] [d-d] [e-ə] [r-r] [a-eɪ] [ti-ʃ] [o-ə] [n-n] ) NULL
can ( [c-k] [a-æ] [n-n] ); always # al-ways ˈɔːl.weɪz ( [a-ɔː] [l-l] [w-w] [ay-eɪ] [s-z] ) NULL; begin # be-gin bɪ.ˈgɪn ( [b-b] [e-ɪ] [g-g] [i-ɪ] [n-n] ) NULL; college # col-lege ˈkɒ.lɪdʒ ( [c-k] [o-ɒ] [ll-l] [e-ɪ] [ge-dʒ] ) NULL; today # to-day tə.ˈdeɪ ( [t-t] [o-ə] [d-d] [ay-eɪ] ) NULL; fashion # fashi-on ˈfæʃ.ən ( [f-f] [a-æ] [sh-ʃ] [io-ə] [n-n] ) NULL; reader # read-er ˈriːd.ə ( [r-r] [ea-iː] [d-d] [er-ə] ) NULL;  ;  ; fire # fi-re ˈfaɪ.ə ( [f-f] [i-aɪ] [re-ə] ) NULL; serious # ser-i-ous ˈsɪər.ɪ.əs ( [s-s] [er-ɪər] [i-ɪ] [ou-ə] [s-s] ) ious; development # de-ve-lop-ment dɪ.ˈve.ləp.mənt ( [d-d] [e-ɪ] [v-v] [e-e] [l-l] [o-ə] [p-p] [m-m] [e-ə] [n-n] [t-t] ) ment; representative # re-pre-sen-ta-tive ˌre.prɪ.ˈzen.tə.tɪv ( [r-r] [e-e] [p-p] [r-r] [e-ɪ] [s-z] [e-e] [n-n] [t-t] [a-ə] [t-t] [i.e-ɪ] [v-v] ) NULL
who ( [wh-h] [o-uː] ); mother # moth-er ˈmʌð.ə ( [m-m] [o-ʌ] [th-ð] [er-ə] ) NULL; every # eve-ry ˈev.ri ( [e-e] [v-v] [e-] [r-r] [y-i] ) NULL; suggest # sug-gest sə.ˈdʒest ( [s-s] [u-ə] [gg-dʒ] [e-e] [s-s] [t-t] ) NULL; study # stu-dy ˈstʌ.di ( [s-s] [t-t] [u-ʌ] [d-d] [y-i] ) NULL; deeply # de-eply ˈdiː.pli ( [d-d] [ee-iː] [p-p] [l-l] [y-i] ) ly; prison # pris-on ˈprɪz.ən ( [p-p] [r-r] [i-ɪ] [s-z] [o-ə] [n-n] ) NULL;  ;  ; upon # u-pon ə.ˈpɒn ( [u-ə] [p-p] [o-ɒ] [n-n] ) NULL; general # gen-er-al ˈdʒen.ər.əl ( [g-dʒ] [e-e] [n-n] [e-ə] [r-r] [a-ə] [l-l] ) al; environment # en-vi-ron-ment ɪn.ˈvaɪ.rən.mənt ( [e-ɪ] [n-n] [v-v] [i-aɪ] [r-r] [o-ə] [n-n] [m-m] [e-ə] [n-n] [t-t] ) ment; interpretation # in-ter-pre-ta-tion ɪn.ˌtɜː.prɪ.ˈteɪʃ.ən ( [i-ɪ] [n-n] [t-t] [er-ɜː] [p-p] [r-r] [e-ɪ] [t-t] [a-eɪ] [ti-ʃ] [o-ə] [n-n] ) NULL
get ( [g-g] [e-e] [t-t] ); little # lit-tle ˈlɪt.əl ( [l-l] [i-ɪ] [tt-t] [le-əl] ) NULL; again # a-gain ə.ˈgen ( [a-ə] [g-g] [ai-e] [n-n] ) NULL; perhaps # per-haps pə.ˈhæps ( [p-p] [er-ə] [h-h] [a-æ] [p-p] [s-s] ) NULL; water # wa-ter ˈwɔː.tə ( [w-w] [a-ɔː] [t-t] [er-ə] ) NULL; whereas # where-as ˌweə.ˈæz ( [wh-w] [ere-eə] [a-æ] [s-z] ) NULL; living # liv-ing ˈlɪv.ɪŋ ( [l-l] [i-ɪ] [v-v] [i-ɪ] [ng-ŋ] ) NULL;  ;  ; onto # on-to ˈɒn.tu ( [o-ɒ] [n-n] [t-t] [o-u] ) NULL; benefit # be-ne-fit ˈbe.nɪ.fɪt ( [b-b] [e-e] [n-n] [e-ɪ] [f-f] [i-ɪ] [t-t] ) NULL; traditional # tra-di-tion-al trə.ˈdɪʃ.ən.əl ( [t-t] [r-r] [a-ə] [d-d] [i-ɪ] [ti-ʃ] [o-ə] [n-n] [a-ə] [l-l] ) al; constitutional # con-sti-tu-tion-al ˌkɒn.stɪ.ˈtjuːʃ.ən.əl ( [c-k] [o-ɒ] [n-n] [s-s] [t-t] [i-ɪ] [t-t] [u-juː] [ti-ʃ] [o-ə] [n-n] [a-ə] [l-l] ) al
her ( [h-h] [er-ə] ); father # fath-er ˈfɑːð.ə ( [f-f] [a-ɑː] [th-ð] [er-ə] ) NULL; today # to-day tə.ˈdeɪ ( [t-t] [o-ə] [d-d] [ay-eɪ] ) NULL; ally # al-ly ˈæ.laɪ ( [a-æ] [ll-l] [y-aɪ] ) NULL; money # mo-ney ˈmʌ.ni ( [m-m] [o-ʌ] [n-n] [ey-i] ) NULL; poet # po-et ˈpəʊ.ɪt ( [p-p] [o-əʊ] [e-ɪ] [t-t] ) NULL; rating # rat-ing ˈreɪt.ɪŋ ( [r-r] [a-eɪ] [t-t] [i-ɪ] [ng-ŋ] ) NULL;  ;  ; unit # u-nit ˈjuː.nɪt ( [u-juː] [n-n] [i-ɪ] [t-t] ) NULL; example # ex-amp-le ɪg.ˈzɑːmp.əl ( [e-ɪ] [x-gz] [a-ɑː] [m-m] [p-p] [le-əl] ) NULL; institution # in-sti-tu-tion ˌɪn.stɪ.ˈtjuːʃ.ən ( [i-ɪ] [n-n] [s-s] [t-t] [i-ɪ] [t-t] [u-juː] [ti-ʃ] [o-ə] [n-n] ) NULL; representation # re-pre-sen-ta-tion ˌre.prɪ.zen.ˈteɪʃ.ən ( [r-r] [e-e] [p-p] [r-r] [e-ɪ] [s-z] [e-e] [n-n] [t-t] [a-eɪ] [ti-ʃ] [o-ə] [n-n] ) NULL
all ( [a-ɔː] [ll-l] ); member # mem-ber ˈmem.bə ( [m-m] [e-e] [m-m] [b-b] [er-ə] ) NULL; study # stu-dy ˈstʌ.di ( [s-s] [t-t] [u-ʌ] [d-d] [y-i] ) NULL; carry # car-ry ˈkæ.ri ( [c-k] [a-æ] [rr-r] [y-i] ) NULL; story # sto-ry ˈstɔː.ri ( [s-s] [t-t] [o-ɔː] [r-r] [y-i] ) NULL; bias # bi-as ˈbaɪ.əs ( [b-b] [i-aɪ] [a-ə] [s-s] ) NULL; Jewish # jew-ish ˈdʒuː.ɪʃ ( [j-dʒ] [ew-uː] [i-ɪ] [sh-ʃ] ) ish;  ;  ; item # i-tem ˈaɪ.təm ( [i-aɪ] [t-t] [e-ə] [m-m] ) NULL; manager # ma-na-ger ˈmæ.nɪ.dʒə ( [m-m] [a-æ] [n-n] [a-ɪ] [g-dʒ] [er-ə] ) NULL; participant # par-ti-ci-pant pɑː.ˈtɪ.sɪ.pənt ( [p-p] [ar-ɑː] [t-t] [i-ɪ] [c-s] [i-ɪ] [p-p] [a-ə] [n-n] [t-t] ) NULL; recommendation # rec-om-men-da-tion ˌrek.ə.men.ˈdeɪʃ.ən ( [r-r] [e-e] [c-k] [o-ə] [mm-m] [e-e] [n-n] [d-d] [a-eɪ] [ti-ʃ] [o-ə] [n-n] ) NULL
one ( [one-wʌn] ); almost # al-most ˈɔːl.məʊst ( [a-ɔː] [l-l] [m-m] [o-əʊ] [s-s] [t-t] ) NULL; water # wa-ter ˈwɔː.tə ( [w-w] [a-ɔː] [t-t] [er-ə] ) NULL; table # tab-le ˈteɪb.əl ( [t-t] [a-eɪ] [b-b] [le-əl] ) NULL; among # a-mong ə.ˈmʌŋ ( [a-ə] [m-m] [o-ʌ] [ng-ŋ] ) NULL; lion # li-on ˈlaɪ.ən ( [l-l] [i-aɪ] [o-ə] [n-n] ) NULL; weekend # week-end wiːk.ˈend ( [w-w] [ee-iː] [k-k] [e-e] [n-n] [d-d] ) NULL;  ;  ; tiny # ti-ny ˈtaɪ.ni ( [t-t] [i-aɪ] [n-n] [y-i] ) NULL; imagine # i-ma-gine ɪ.ˈmæ.dʒɪn ( [i-ɪ] [m-m] [a-æ] [g-dʒ] [i.e-ɪ] [n-n] ) NULL; reality # re-a-li-ty rɪ.ˈæ.lɪ.ti ( [r-r] [e-ɪ] [a-æ] [l-l] [i-ɪ] [t-t] [y-i] ) ity; ideology # i-de-o-lo-gy ˌaɪ.dɪ.ˈɒ.lə.dʒi ( [i-aɪ] [d-d] [e-ɪ] [o-ɒ] [l-l] [o-ə] [g-dʒ] [y-i] ) NULL
out ( [ou-aʊ] [t-t] ); follow # fol-low ˈfɒ.ləʊ ( [f-f] [o-ɒ] [ll-l] [o-əʊ] [w-] ) NULL; money # mo-ney ˈmʌ.ni ( [m-m] [o-ʌ] [n-n] [ey-i] ) NULL; order # or-der ˈɔː.də ( [or-ɔː] [d-d] [er-ə] ) NULL; later # la-ter ˈleɪ.tə ( [l-l] [a-eɪ] [t-t] [er-ə] ) NULL; riot # ri-ot ˈraɪ.ət ( [r-r] [i-aɪ] [o-ə] [t-t] ) NULL; British # brit-ish ˈbrɪt.ɪʃ ( [b-b] [r-r] [i-ɪ] [t-t] [i-ɪ] [sh-ʃ] ) ish;  ;  ; deny # de-ny dɪ.ˈnaɪ ( [d-d] [e-ɪ] [n-n] [y-aɪ] ) NULL; popular # po-pu-lar ˈpɒ.pjʊ.lə ( [p-p] [o-ɒ] [p-p] [u-jʊ] [l-l] [ar-ə] ) NULL; anybody # a-ny-bo-dy ˈe.ni.bɒ.di ( [a-e] [n-n] [y-i] [b-b] [o-ɒ] [d-d] [y-i] ) NULL; liability # li-a-bi-li-ty ˌlaɪ.ə.ˈbɪ.lɪ.ti ( [l-l] [i-aɪ] [a-ə] [b-b] [i-ɪ] [l-l] [i-ɪ] [t-t] [y-i] ) ility
him ( [h-h] [i-ɪ] [m-m] ); others # oth-ers ˈʌð.əz ( [o-ʌ] [th-ð] [er-ə] [s-z] ) NULL; story # sto-ry ˈstɔː.ri ( [s-s] [t-t] [o-ɔː] [r-r] [y-i] ) NULL; enter # en-ter ˈen.tə ( [e-e] [n-n] [t-t] [er-ə] ) NULL; maybe # may-be ˈmeɪ.biː ( [m-m] [ay-eɪ] [b-b] [e-iː] ) NULL; buyer # buy-er ˈbaɪ.ə ( [b-b] [uy-aɪ] [er-ə] ) NULL; growing # grow-ing ˈgrəʊ.ɪŋ ( [g-g] [r-r] [ow-əʊ] [i-ɪ] [ng-ŋ] ) NULL;  ;  ; lady # la-dy ˈleɪ.di ( [l-l] [a-eɪ] [d-d] [y-i] ) NULL; evening # ev-en-ing ˈiːv.ən.ɪŋ ( [e-iː] [v-v] [e-ə] [n-n] [i-ɪ] [ng-ŋ] ) NULL; majority # ma-jo-ri-ty mə.ˈdʒɒ.rɪ.ti ( [m-m] [a-ə] [j-dʒ] [o-ɒ] [r-r] [i-ɪ] [t-t] [y-i] ) ity; curiosity # cu-ri-o-si-ty ˌkjʊə.rɪ.ˈɒ.sɪ.ti ( [c-k] [u-jʊə] [r-r] [i-ɪ] [o-ɒ] [s-s] [i-ɪ] [t-t] [y-i] ) ity
see ( [s-s] [ee-iː] ); office # of-fice ˈɒf.ɪs ( [o-ɒ] [ff-f] [i-ɪ] [ce-s] ) NULL; among # a-mong ə.ˈmʌŋ ( [a-ə] [m-m] [o-ʌ] [ng-ŋ] ) NULL; occur # oc-cur əˈk.ɜː ( [o-ə] [cc-k] [ur-ɜː] ) NULL; music # mu-sic ˈmjuː.zɪk ( [m-m] [u-juː] [s-z] [i-ɪ] [c-k] ) NULL; royal # roy-al ˈrɔɪ.əl ( [r-r] [oy-ɔɪ] [a-ə] [l-l] ) al; writing # writ-ing ˈraɪt.ɪŋ ( [wr-r] [i-aɪ] [t-t] [i-ɪ] [ng-ŋ] ) NULL;  ;  ; hire # hi-re ˈhaɪ.ə ( [h-h] [i-aɪ] [re-ə] ) NULL; continue # con-ti-nue kən.ˈtɪ.njuː ( [c-k] [o-ə] [n-n] [t-t] [i-ɪ] [n-n] [ue-juː] ) NULL; original # o-rig-in-al ə.ˈrɪdʒ.ən.əl ( [o-ə] [r-r] [i-ɪ] [g-dʒ] [i-ə] [n-n] [a-ə] [l-l] ) al; originally # o-rig-in-al-ly ə.ˈrɪdʒ.ən.əl.i ( [o-ə] [r-r] [i-ɪ] [g-dʒ] [i-ə] [n-n] [a-ə] [ll-l] [y-i] ) NULL
now ( [n-n] [ow-aʊ] ); within # with-in wɪð.ˈiːn ( [w-w] [i-ɪ] [th-ð] [i-iː] [n-n] ) NULL; later # la-ter ˈleɪ.tə ( [l-l] [a-eɪ] [t-t] [er-ə] ) NULL; happy # hap-py ˈhæp.i ( [h-h] [a-æ] [pp-p] [y-i] ) NULL; human # hu-man ˈhjuː.mən ( [h-h] [u-juː] [m-m] [a-ə] [n-n] ) NULL; dying # dy-ing ˈdaɪ.ɪŋ ( [d-d] [y-aɪ] [i-ɪ] [ng-ŋ] ) NULL; meaning # mean-ing ˈmiːn.ɪŋ ( [m-m] [ea-iː] [n-n] [i-ɪ] [ng-ŋ] ) NULL;  ;  ; okay # ok-ay ˌəʊˈk.eɪ ( [o-əʊ] [k-k] [ay-eɪ] ) NULL; together # to-ge-ther tə.ˈge.ðə ( [t-t] [o-ə] [g-g] [e-e] [th-ð] [er-ə] ) NULL; European # eu-ro-pe-an ˌjʊə.rə.ˈpɪ.ən ( [eu-jʊə] [r-r] [o-ə] [p-p] [e-ɪ] [a-ə] [n-n] ) NULL; capability # ca-pa-bi-li-ty ˌkeɪ.pə.ˈbɪ.lɪ.ti ( [c-k] [a-eɪ] [p-p] [a-ə] [b-b] [i-ɪ] [l-l] [i-ɪ] [t-t] [y-i] ) ility
its ( [i-ɪ] [t-t] [s-s] ); person # pers-on ˈpɜːs.ən ( [p-p] [er-ɜː] [s-s] [o-ə] [n-n] ) NULL; maybe # may-be ˈmeɪ.biː ( [m-m] [ay-eɪ] [b-b] [e-iː] ) NULL; argue # ar-gue ˈɑː.gjuː ( [ar-ɑː] [g-g] [ue-juː] ) NULL; local # lo-cal ˈləʊ.kəl ( [l-l] [o-əʊ] [c-k] [a-ə] [l-l] ) al; weekly # we-ekly ˈwiː.kli ( [w-w] [ee-iː] [k-k] [l-l] [y-i] ) ly; reading # read-ing ˈriːd.ɪŋ ( [r-r] [ea-iː] [d-d] [i-ɪ] [ng-ŋ] ) NULL;  ;  ; jury # ju-ry ˈdʒʊə.ri ( [j-dʒ] [u-ʊə] [r-r] [y-i] ) NULL; remember # re-mem-ber rɪ.ˈmem.bə ( [r-r] [e-ɪ] [m-m] [e-e] [m-m] [b-b] [er-ə] ) NULL; identity # i-den-ti-ty aɪ.ˈden.tɪ.ti ( [i-aɪ] [d-d] [e-e] [n-n] [t-t] [i-ɪ] [t-t] [y-i] ) ity; laboratory # la-bor-a-to-ry lə.ˈbɒr.ə.tə.ri ( [l-l] [a-ə] [b-b] [o-ɒ] [r-r] [a-ə] [t-t] [o-ə] [r-r] [y-i] ) tory
how ( [h-h] [ow-aʊ] ); second # sec-ond ˈsek.ənd ( [s-s] [e-e] [c-k] [o-ə] [n-n] [d-d] ) NULL; music # mu-sic ˈmjuː.zɪk ( [m-m] [u-juː] [s-z] [i-ɪ] [c-k] ) NULL; enjoy # en-joy ɪn.ˈdʒoɪ ( [e-ɪ] [n-n] [j-dʒ] [oy-oɪ] ) NULL; major # ma-jor ˈmeɪ.dʒə ( [m-m] [a-eɪ] [j-dʒ] [or-ə] ) or; makeup # make-up ˈmeɪk.ʌp ( [m-m] [a.e-eɪ] [k-k] [u-ʌ] [p-p] ) NULL; hearing # hear-ing ˈhɪər.ɪŋ ( [h-h] [ear-ɪər] [i-ɪ] [ng-ŋ] ) NULL;  ;  ; army # ar-my ˈɑː.mi ( [ar-ɑː] [m-m] [y-i] ) NULL; consider # con-si-der kən.ˈsɪ.də ( [c-k] [o-ə] [n-n] [s-s] [i-ɪ] [d-d] [er-ə] ) NULL; facility # fa-ci-li-ty fə.ˈsɪ.lɪ.ti ( [f-f] [a-ə] [c-s] [i-ɪ] [l-l] [i-ɪ] [t-t] [y-i] ) ility; inevitable # in-e-vi-tab-le ɪn.ˈe.vɪ.təb.əl ( [i-ɪ] [n-n] [e-e] [v-v] [i-ɪ] [t-t] [a-ə] [b-b] [le-əl] ) able
our ( [ou-aʊə] [r-] ); appear # ap-pear ə.ˈpɪə ( [a-ə] [pp-p] [ear-ɪə] ) NULL; human # hu-man ˈhjuː.mən ( [h-h] [u-juː] [m-m] [a-ə] [n-n] ) NULL; worry # wor-ry ˈwʌ.ri ( [w-w] [o-ʌ] [rr-r] [y-i] ) NULL; along # a-long ə.ˈlɒŋ ( [a-ə] [l-l] [o-ɒ] [ng-ŋ] ) NULL; bloody # blo-ody ˈblʌ.di ( [b-b] [l-l] [oo-ʌ] [d-d] [y-i] ) NULL; threaten # threat-en ˈθret.ən ( [th-θ] [r-r] [ea-e] [t-t] [e-ə] [n-n] ) NULL;  ;  ; ring # r-ing rɪŋ ( [r-r] [i-ɪ] [ng-ŋ] ) NULL; probably # pro-ba-bly ˈprɒ.bə.bli ( [p-p] [r-r] [o-ɒ] [b-b] [a-ə] [b-b] [l-l] [y-i] ) NULL; academic # ac-a-de-mic ˌæk.ə.ˈde.mɪk ( [a-æ] [c-k] [a-ə] [d-d] [e-e] [m-m] [i-ɪ] [c-k] ) NULL; regulatory # re-gu-la-to-ry ˈre.gjə.lə.tə.ri ( [r-r] [e-e] [g-g] [u-jə] [l-l] [a-ə] [t-t] [o-ə] [r-r] [y-i] ) tory
two ( [t-t] [wo-uː] ); expect # ex-pect ɪk.ˈspekt ( [e-ɪ] [x-ks] [p-p] [e-e] [c-k] [t-t] ) NULL; local # lo-cal ˈləʊ.kəl ( [l-l] [o-əʊ] [c-k] [a-ə] [l-l] ) al; owner # ow-ner ˈəʊ.nə ( [ow-əʊ] [n-n] [er-ə] ) NULL; value # va-lue ˈvæ.ljuː ( [v-v] [a-æ] [l-l] [ue-juː] ) NULL; freely # fre-ely ˈfriː.li ( [f-f] [r-r] [ee-iː] [l-l] [y-i] ) ly; greatest # great-est ˈgreɪt.ɪst ( [g-g] [r-r] [ea-eɪ] [t-t] [e-ɪ] [s-s] [t-t] ) NULL;  ;  ; user # us-er ˈjuːz.ə ( [u-juː] [s-z] [er-ə] ) NULL; possible # pos-sib-le ˈpɒ.sɪb.əl ( [p-p] [o-ɒ] [ss-s] [i-ɪ] [b-b] [le-əl] ) NULL; category # ca-te-go-ry ˈkæ.tɪ.gə.ri ( [c-k] [a-æ] [t-t] [e-ɪ] [g-g] [o-ə] [r-r] [y-i] ) NULL; popularity # po-pu-la-ri-ty ˌpɒ.pjʊ.ˈlæ.rɪ.ti ( [p-p] [o-ɒ] [p-p] [u-jʊ] [l-l] [a-æ] [r-r] [i-ɪ] [t-t] [y-i] ) ity
way ( [w-w] [ay-eɪ] ); effect # ef-fect ɪ.ˈfekt ( [e-ɪ] [ff-f] [e-e] [c-k] [t-t] ) NULL; major # ma-jor ˈmeɪ.dʒə ( [m-m] [a-eɪ] [j-dʒ] [or-ə] ) or; admit # ad-mit əd.ˈmɪt ( [a-ə] [d-d] [m-m] [i-ɪ] [t-t] ) NULL; before # be-fore bɪ.ˈfɔː ( [b-b] [e-ɪ] [f-f] [ore-ɔː] ) NULL; playoff # play-off ˈpleɪ.ˌɒf ( [p-p] [l-l] [ay-eɪ] [o-ɒ] [ff-f] ) NULL; saving # sav-ing ˈseɪv.ɪŋ ( [s-s] [a-eɪ] [v-v] [i-ɪ] [ng-ŋ] ) NULL;  ;  ; duty # du-ty ˈdjuː.ti ( [d-d] [u-juː] [t-t] [y-i] ) ty; decision # de-ci-sion dɪ.ˈsɪʒ.ən ( [d-d] [e-ɪ] [c-s] [i-ɪ] [si-ʒ] [o-ə] [n-n] ) NULL; minority # mi-no-ri-ty maɪ.ˈnɒ.rɪ.ti ( [m-m] [i-aɪ] [n-n] [o-ɒ] [r-r] [i-ɪ] [t-t] [y-i] ) ity; creativity # cre-a-tiv-it-y ˌkriː.eɪ.ˈtɪv.ət.i ( [c-k] [r-r] [e-iː] [a-eɪ] [t-t] [i-ɪ] [v-v] [i-ə] [t-t] [y-i] ) ity
new ( [n-n] [ew-juː] ); former # for-mer ˈfɔː.mə ( [f-f] [or-ɔː] [m-m] [er-ə] ) NULL; along # a-long ə.ˈlɒŋ ( [a-ə] [l-l] [o-ɒ] [ng-ŋ] ) NULL; sorry # sor-ry ˈsɒ.ri ( [s-s] [o-ɒ] [rr-r] [y-i] ) NULL; around # a-round ə.ˈraʊnd ( [a-ə] [r-r] [ou-aʊ] [n-n] [d-d] ) NULL; teenage # te-enage ˈtiː.neɪdʒ ( [t-t] [ee-iː] [n-n] [a-eɪ] [ge-dʒ] ) NULL; wooden # wood-en ˈwʊd.ən ( [w-w] [oo-ʊ] [d-d] [e-ə] [n-n] ) NULL;  ;  ; rely # re-ly rɪ.ˈlaɪ ( [r-r] [e-ɪ] [l-l] [y-aɪ] ) NULL; director # di-rec-tor dɪ.ˈrek.tə ( [d-d] [i-ɪ] [r-r] [e-e] [c-k] [t-t] [or-ə] ) or; capacity # ca-pa-ci-ty kə.ˈpæ.sɪ.ti ( [c-k] [a-ə] [p-p] [a-æ] [c-s] [i-ɪ] [t-t] [y-i] ) ity; ecological # ec-o-lo-gic-al ˌiːk.ə.ˈlɒ.dʒɪk.əl ( [e-iː] [c-k] [o-ə] [l-l] [o-ɒ] [g-dʒ] [i-ɪ] [c-k] [a-ə] [l-l] ) al
day ( [d-d] [ay-eɪ] ); effort # ef-fort ˈe.fət ( [e-e] [ff-f] [or-ə] [t-t] ) NULL; value # va-lue ˈvæ.ljuː ( [v-v] [a-æ] [l-l] [ue-juː] ) NULL; title # tit-le ˈtaɪt.əl ( [t-t] [i-aɪ] [t-t] [le-əl] ) NULL; social # so-cial ˈsəʊʃ.əl ( [s-s] [o-əʊ] [ci-ʃ] [a-ə] [l-l] ) cial; triumph # tri-umph ˈtraɪ.əmf ( [t-t] [r-r] [i-aɪ] [u-ə] [m-m] [ph-f] ) NULL; viewer # view-er ˈvjuː.ə ( [v-v] [iew-juː] [er-ə] ) NULL;  ;  ; wing # w-ing wɪŋ ( [w-w] [i-ɪ] [ng-ŋ] ) NULL; official # of-fi-cial ə.ˈfɪʃ.əl ( [o-ə] [ff-f] [i-ɪ] [ci-ʃ] [a-ə] [l-l] ) cial; generally # gen-er-al-ly ˈdʒen.ər.əl.li ( [g-dʒ] [e-e] [n-n] [e-ə] [r-r] [a-ə] [l-l] [l-l] [y-i] ) NULL; similarity # si-mi-la-ri-ty ˌsɪ.mə.ˈlæ.rɪ.ti ( [s-s] [i-ɪ] [m-m] [i-ə] [l-l] [a-æ] [r-r] [i-ɪ] [t-t] [y-i] ) ity
use ( [u-juː] [se-s] ); better # bet-ter ˈbe.tə ( [b-b] [e-e] [tt-t] [er-ə] ) NULL; system # sy-stem ˈsɪ.stəm ( [s-s] [y-ɪ] [s-s] [t-t] [e-ə] [m-m] ) NULL; marry # mar-ry ˈmæ.ri ( [m-m] [a-æ] [rr-r] [y-i] ) NULL; minute # mi-nute maɪ.ˈnjuːt ( [m-m] [i-aɪ] [n-n] [u.e-juː] [t-t] ) NULL; flying # fly-ing ˈflaɪ.ɪŋ ( [f-f] [l-l] [y-aɪ] [i-ɪ] [ng-ŋ] ) NULL; honest # hon-est ˈɒn.ɪst ( [h-] [o-ɒ] [n-n] [e-ɪ] [s-s] [t-t] ) NULL;  ;  ; busy # bu-sy ˈbɪ.zi ( [b-b] [u-ɪ] [s-z] [y-i] ) NULL; position # po-si-tion pə.ˈzɪʃ.ən ( [p-p] [o-ə] [s-z] [i-ɪ] [ti-ʃ] [o-ə] [n-n] ) NULL; democracy # de-mo-cra-cy dɪ.ˈmɒ.krə.si ( [d-d] [e-ɪ] [m-m] [o-ɒ] [c-k] [r-r] [a-ə] [c-s] [y-i] ) NULL; inevitably # in-e-vi-ta-bly ɪn.ˈe.vɪ.tə.bli ( [i-ɪ] [n-n] [e-e] [v-v] [i-ɪ] [t-t] [a-ə] [b-b] [l-l] [y-i] ) NULL
man ( [m-m] [a-æ] [n-n] ); season # seas-on ˈsiːz.ən ( [s-s] [ea-iː] [s-z] [o-ə] [n-n] ) NULL; before # be-fore bɪ.ˈfɔː ( [b-b] [e-ɪ] [f-f] [ore-ɔː] ) NULL; actor # ac-tor ˈæk.tər ( [a-æ] [c-k] [t-t] [o-ə] [r-r] ) or; parent # pa-rent ˈpeə.rənt ( [p-p] [a-eə] [r-r] [e-ə] [n-n] [t-t] ) NULL;  ; heaven # heav-en ˈhev.ən ( [h-h] [ea-e] [v-v] [e-ə] [n-n] ) NULL;  ;  ; begin # be-gin bɪ.ˈgɪn ( [b-b] [e-ɪ] [g-g] [i-ɪ] [n-n] ) NULL; everyone # eve-ry-one ˈev.rɪ.wʌn ( [e-e] [v-v] [e-] [r-r] [y-ɪ] [one-wʌn] ) NULL; emotional # e-mo-tion-al ɪ.ˈməʊʃ.ən.əl ( [e-ɪ] [m-m] [o-əʊ] [ti-ʃ] [o-ə] [n-n] [a-ə] [l-l] ) al; imagination # i-ma-gi-na-tion ɪ.ˌmæ.dʒɪ.ˈneɪʃ.ən ( [i-ɪ] [m-m] [a-æ] [g-dʒ] [i-ɪ] [n-n] [a-eɪ] [ti-ʃ] [o-ə] [n-n] ) NULL
may ( [m-m] [ay-eɪ] ); million # mil-lion ˈmɪ.lɪən ( [m-m] [i-ɪ] [ll-l] [i-ɪ] [o-ə] [n-n] ) NULL; around # a-round ə.ˈraʊnd ( [a-ə] [r-r] [ou-aʊ] [n-n] [d-d] ) NULL; fully # ful-ly ˈfʊ.li ( [f-f] [u-ʊ] [ll-l] [y-i] ) NULL; result # re-sult rɪ.ˈzʌlt ( [r-r] [e-ɪ] [s-z] [u-ʌ] [l-l] [t-t] ) NULL;  ; cousin # cous-in ˈkʌz.ən ( [c-k] [ou-ʌ] [s-z] [i-ə] [n-n] ) NULL;  ;  ; every # eve-ry ˈev.ri ( [e-e] [v-v] [e-] [r-r] [y-i] ) NULL; industry # in-du-stry ˈɪn.də.stri ( [i-ɪ] [n-n] [d-d] [u-ə] [s-s] [t-t] [r-r] [y-i] ) NULL; emergency # e-mer-gen-cy ɪ.ˈmɜː.dʒən.si ( [e-ɪ] [m-m] [er-ɜː] [g-dʒ] [e-ə] [n-n] [c-s] [y-i] ) NULL; examination # ex-a-mi-na-tion ɪg.ˌzæ.mɪ.ˈneɪʃ.ən ( [e-ɪ] [x-gz] [a-æ] [m-m] [i-ɪ] [n-n] [a-eɪ] [ti-ʃ] [o-ə] [n-n] ) NULL
try ( [t-t] [r-r] [y-aɪ] ); without # with-out wɪð.ˈaʊt ( [w-w] [i-ɪ] [th-ð] [ou-aʊ] [t-t] ) NULL; social # so-cial ˈsəʊʃ.əl ( [s-s] [o-əʊ] [ci-ʃ] [a-ə] [l-l] ) cial; urban # ur-ban ˈɜː.bən ( [u-ɜː] [r-] [b-b] [a-ə] [n-n] ) NULL; moment # mo-ment ˈməʊ.mənt ( [m-m] [o-əʊ] [m-m] [e-ə] [n-n] [t-t] ) NULL;  ; housing # hous-ing ˈhaʊz.ɪŋ ( [h-h] [ou-aʊ] [s-z] [i-ɪ] [ng-ŋ] ) NULL;  ;  ; again # a-gain ə.ˈgen ( [a-ə] [g-g] [ai-e] [n-n] ) NULL; personal # per-son-al ˈpɜː.sən.əl ( [p-p] [er-ɜː] [s-s] [o-ə] [n-n] [a-ə] [l-l] ) al; eliminate # e-li-mi-nate ɪ.ˈlɪ.mɪ.neɪt ( [e-ɪ] [l-l] [i-ɪ] [m-m] [i-ɪ] [n-n] [a.e-eɪ] [t-t] ) NULL; anniversary # an-ni-ver-sa-ry ˌæ.nɪ.ˈvɜː.sə.ri ( [a-æ] [nn-n] [i-ɪ] [v-v] [er-ɜː] [s-s] [a-ə] [r-r] [y-i] ) NULL
ask ( [a-ɑː] [s-s] [k-k] ); service # ser-vice ˈsɜː.vɪs ( [s-s] [er-ɜː] [v-v] [i-ɪ] [ce-s] ) NULL; minute # mi-nute maɪ.ˈnjuːt ( [m-m] [i-aɪ] [n-n] [u.e-juː] [t-t] ) NULL; funny # fun-ny ˈfʌ.ni ( [f-f] [u-ʌ] [nn-n] [y-i] ) NULL; reason # rea-son ˈriː.zən ( [r-r] [ea-iː] [s-z] [o-ə] [n-n] ) NULL;  ; leading # lead-ing ˈliːd.ɪŋ ( [l-l] [ea-iː] [d-d] [i-ɪ] [ng-ŋ] ) NULL;  ;  ; today # to-day tə.ˈdeɪ ( [t-t] [o-ə] [d-d] [ay-eɪ] ) NULL; computer # com-pu-ter kəm.ˈpjuː.tə ( [c-k] [o-ə] [m-m] [p-p] [u-juː] [t-t] [er-ə] ) NULL; vegetable # ve-ge-tab-le ˈve.dʒɪ.təb.əl ( [v-v] [e-e] [g-dʒ] [e-ɪ] [t-t] [a-ə] [b-b] [le-əl] ) NULL; theoretical # the-o-ret-i-cal ˌθi.ə.ˈret.ɪ.kəl ( [th-θ] [e-i] [o-ə] [r-r] [e-e] [t-t] [i-ɪ] [c-k] [a-ə] [l-l] ) al
too ( [t-t] [oo-uː] ); include # in-clude ɪn.ˈkluːd ( [i-ɪ] [n-n] [c-k] [l-l] [u.e-uː] [d-d] ) NULL; public # pu-blic ˈpʌ.blɪk ( [p-p] [u-ʌ] [b-b] [l-l] [i-ɪ] [c-k] ) NULL; cable # cab-le ˈkeɪb.əl ( [c-k] [a-eɪ] [b-b] [le-əl] ) NULL; toward # to-ward tə.ˈwɔːd ( [t-t] [o-ə] [w-w] [ar-ɔː] [d-d] ) NULL;  ; speaker # speak-er ˈspiːk.ə ( [s-s] [p-p] [ea-iː] [k-k] [er-ə] ) NULL;  ;  ; study # stu-dy ˈstʌ.di ( [s-s] [t-t] [u-ʌ] [d-d] [y-i] ) NULL; evidence # e-vi-dence ˈe.vɪ.dəns ( [e-e] [v-v] [i-ɪ] [d-d] [e-ə] [n-n] [ce-s] ) NULL; generation # gen-e-ra-tion ˌdʒen.ə.ˈreɪʃ.ən ( [g-dʒ] [e-e] [n-n] [e-ə] [r-r] [a-eɪ] [ti-ʃ] [o-ə] [n-n] ) NULL; reliability # re-lia-bi-li-ty rɪ.ˌlaɪ.ə.ˈbɪ.lɪ.ti ( [r-r] [e-ɪ] [l-l] [i-aɪ] [a-ə] [b-b] [i-ɪ] [l-l] [i-ɪ] [t-t] [y-i] ) ility
own ( [ow-əʊ] [n-n] ); morning # morn-ing ˈmɔːn.ɪŋ ( [m-m] [or-ɔː] [n-n] [i-ɪ] [ng-ŋ] ) NULL; parent # pa-rent ˈpeə.rənt ( [p-p] [a-eə] [r-r] [e-ə] [n-n] [t-t] ) NULL; upper # up-per ˈʌ.pə ( [u-ʌ] [pp-p] [er-ə] ) NULL; enough # e-nough ɪ.ˈnʌf ( [e-ɪ] [n-n] [ou-ʌ] [gh-f] ) NULL;  ; ceiling # ceil-ing ˈsiːl.ɪŋ ( [c-s] [ei-iː] [l-l] [i-ɪ] [ng-ŋ] ) NULL;  ;  ; water # wa-ter ˈwɔː.tə ( [w-w] [a-ɔː] [t-t] [er-ə] ) NULL; hospital # ho-spit-al ˈhɒ.spɪt.əl ( [h-h] [o-ɒ] [s-s] [p-p] [i-ɪ] [t-t] [a-ə] [l-l] ) al; absolutely # ab-so-lute-ly ˈæb.sə.luːt.li ( [a-æ] [b-b] [s-s] [o-ə] [l-l] [u.e-uː] [t-t] [l-l] [y-i] ) NULL; ideological # i-deo-lo-gic-al ˌaɪ.dɪə.ˈlɒ.dʒɪk.əl ( [i-aɪ] [d-d] [e-ɪ] [o-ə] [l-l] [o-ɒ] [g-dʒ] [i-ɪ] [c-k] [a-ə] [l-l] ) al
let ( [l-l] [e-e] [t-t] ); himself # him-self hɪm.ˈself ( [h-h] [i-ɪ] [m-m] [s-s] [e-e] [l-l] [f-f] ) NULL; create # cre-ate kriː.ˈeɪt ( [c-k] [r-r] [e-iː] [a.e-eɪ] [t-t] ) NULL; asset # as-set ˈæ.set ( [a-æ] [ss-s] [e-e] [t-t] ) NULL; nation # na-tion ˈneɪʃ.ən ( [n-n] [a-eɪ] [ti-ʃ] [o-ə] [n-n] ) NULL;  ; creature # creat-ure ˈkriːtʃ.ər ( [c-k] [r-r] [ea-iː] [t-tʃ] [u-ə] [r-r] [e-] ) NULL;  ;  ; money # mo-ney ˈmʌ.ni ( [m-m] [o-ʌ] [n-n] [ey-i] ) NULL; recently # rec-ent-ly ˈriːs.ənt.li ( [r-r] [e-iː] [c-s] [e-ə] [n-n] [t-t] [l-l] [y-i] ) NULL; eventually # e-ven-tual-ly ɪ.ˈven.tʃʊə.li ( [e-ɪ] [v-v] [e-e] [n-n] [t-tʃ] [u-ʊ] [a-ə] [ll-l] [y-i] ) NULL; credibility # cre-di-bi-li-ty ˌkre.dɪ.ˈbɪ.lɪ.ti ( [c-k] [r-r] [e-e] [d-d] [i-ɪ] [b-b] [i-ɪ] [l-l] [i-ɪ] [t-t] [y-i] ) ility
put ( [p-p] [u-ʊ] [t-t] ); college # col-lege ˈkɒ.lɪdʒ ( [c-k] [o-ɒ] [ll-l] [e-ɪ] [ge-dʒ] ) NULL; result # re-sult rɪ.ˈzʌlt ( [r-r] [e-ɪ] [s-z] [u-ʌ] [l-l] [t-t] ) NULL; hello # hel-lo hə.ˈləʊ ( [h-h] [e-ə] [ll-l] [o-əʊ] ) NULL; behind # be-hind bɪ.ˈhaɪnd ( [b-b] [e-ɪ] [h-h] [i-aɪ] [n-n] [d-d] ) NULL;  ; oven # ov-en ˈʌv.ən ( [o-ʌ] [v-v] [e-ə] [n-n] ) NULL;  ;  ; under # und-er ˈʌnd.ə ( [u-ʌ] [n-n] [d-d] [er-ə] ) NULL; indicate # in-dic-ate ˈɪn.dɪk.eɪt ( [i-ɪ] [n-n] [d-d] [i-ɪ] [c-k] [a.e-eɪ] [t-t] ) NULL; additional # ad-di-tion-al ə.ˈdɪʃ.ən.əl ( [a-ə] [dd-d] [i-ɪ] [ti-ʃ] [o-ə] [n-n] [a-ə] [l-l] ) al; cooperative # co-o-pe-ra-tive kəʊ.ˈɒ.pə.rə.tɪv ( [c-k] [o-əʊ] [o-ɒ] [p-p] [e-ə] [r-r] [a-ə] [t-t] [i.e-ɪ] [v-v] ) NULL
old ( [o-əʊ] [l-l] [d-d] ); suggest # sug-gest sə.ˈdʒest ( [s-s] [u-ə] [gg-dʒ] [e-e] [s-s] [t-t] ) NULL; moment # mo-ment ˈməʊ.mənt ( [m-m] [o-əʊ] [m-m] [e-ə] [n-n] [t-t] ) NULL; error # er-ror ˈe.rə ( [e-e] [rr-r] [or-ə] ) NULL; remain # re-main rɪ.ˈmeɪn ( [r-r] [e-ɪ] [m-m] [ai-eɪ] [n-n] ) NULL;  ; exit # ex-it ˈek.sɪt ( [e-e] [x-ks] [i-ɪ] [t-t] ) NULL;  ;  ; story # sto-ry ˈstɔː.ri ( [s-s] [t-t] [o-ɔː] [r-r] [y-i] ) NULL; physical # phy-sic-al ˈfɪ.zɪk.əl ( [ph-f] [y-ɪ] [s-z] [i-ɪ] [c-k] [a-ə] [l-l] ) al; historical # hi-sto-ric-al hɪ.ˈstɒ.rɪk.əl ( [h-h] [i-ɪ] [s-s] [t-t] [o-ɒ] [r-r] [i-ɪ] [c-k] [a-ə] [l-l] ) al; coordinator # co-or-di-na-tor kəʊ.ˈɔː.dɪ.neɪ.tə ( [c-k] [o-əʊ] [or-ɔː] [d-d] [i-ɪ] [n-n] [a-eɪ] [t-t] [or-ə] ) or
why ( [wh-w] [y-aɪ] ); control # con-trol kən.ˈtrəʊl ( [c-k] [o-ə] [n-n] [t-t] [r-r] [o-əʊ] [l-l] ) NULL; reason # rea-son ˈriː.zən ( [r-r] [ea-iː] [s-z] [o-ə] [n-n] ) NULL; album # al-bum ˈæl.bəm ( [a-æ] [l-l] [b-b] [u-ə] [m-m] ) NULL; report # re-port rɪ.ˈpɔːt ( [r-r] [e-ɪ] [p-p] [or-ɔː] [t-t] ) NULL;  ; exam # ex-am ɪg.ˈzæm ( [e-ɪ] [x-gz] [a-æ] [m-m] ) NULL;  ;  ; issue # is-sue ˈɪ.ʃuː ( [i-ɪ] [ss-ʃ] [ue-uː] ) NULL; election # e-lec-tion ɪ.ˈlek.ʃən ( [e-ɪ] [l-l] [e-e] [c-k] [ti-ʃ] [o-ə] [n-n] ) NULL; apparently # ap-pa-rent-ly ə.ˈpæ.rənt.li ( [a-ə] [pp-p] [a-æ] [r-r] [e-ə] [n-n] [t-t] [l-l] [y-i] ) NULL; documentary # do-cu-men-ta-ry ˌdɒ.kjʊ.ˈmen.tə.ri ( [d-d] [o-ɒ] [c-k] [u-jʊ] [m-m] [e-e] [n-n] [t-t] [a-ə] [r-r] [y-i] ) NULL
big ( [b-b] [i-ɪ] [g-g] ); perhaps # per-haps pə.ˈhæps ( [p-p] [er-ə] [h-h] [a-æ] [p-p] [s-s] ) NULL; toward # to-ward tə.ˈwɔːd ( [t-t] [o-ə] [w-w] [ar-ɔː] [d-d] ) NULL; cycle # cyc-le ˈsaɪk.əl ( [c-s] [y-aɪ] [c-k] [le-əl] ) NULL; police # po-lice pə.ˈliːs ( [p-p] [o-ə] [l-l] [i-iː] [ce-s] ) NULL;  ; edit # ed-it ˈed.ɪt ( [e-e] [d-d] [i-ɪ] [t-t] ) NULL;  ;  ; power # pow-er ˈpaʊ.ə ( [p-p] [ow-aʊ] [er-ə] ) NULL; whatever # what-e-ver wɒt.ˈe.və ( [wh-w] [a-ɒ] [t-t] [e-e] [v-v] [er-ə] ) NULL; relatively # re-la-ti-vely ˈre.lə.tɪ.vli ( [r-r] [e-e] [l-l] [a-ə] [t-t] [i.e-ɪ] [v-v] [l-l] [y-i] ) ly; flexibility # flex-i-bi-li-ty ˌflek.sə.ˈbɪ.lɪ.ti ( [f-f] [l-l] [e-e] [x-ks] [i-ə] [b-b] [i-ɪ] [l-l] [i-ɪ] [t-t] [y-i] ) ility
have ( [h-h] [a-æ] [v-v] [e-] ); ally # al-ly ˈæ.laɪ ( [a-æ] [ll-l] [y-aɪ] ) NULL; enough # e-nough ɪ.ˈnʌf ( [e-ɪ] [n-n] [ou-ʌ] [gh-f] ) NULL; anger # an-ger ˈæŋ.gə ( [a-æ] [n-ŋ] [g-g] [er-ə] ) NULL; leader # lea-der ˈliː.də ( [l-l] [ea-iː] [d-d] [er-ə] ) NULL;  ; vital # vit-al ˈvaɪt.əl ( [v-v] [i-aɪ] [t-t] [a-ə] [l-l] ) al;  ;  ; until # un-til ʌn.ˈtɪl ( [u-ʌ] [n-n] [t-t] [i-ɪ] [l-l] ) NULL; strategy # stra-te-gy ˈstræ.tə.dʒi ( [s-s] [t-t] [r-r] [a-æ] [t-t] [e-ə] [g-dʒ] [y-i] ) NULL; regulation # re-gu-la-tion ˌre.gjʊ.ˈleɪʃ.ən ( [r-r] [e-e] [g-g] [u-jʊ] [l-l] [a-eɪ] [ti-ʃ] [o-ə] [n-n] ) NULL; sensitivity # sen-si-ti-vi-ty ˌsen.sə.ˈtɪ.vɪ.ti ( [s-s] [e-e] [n-n] [s-s] [i-ə] [t-t] [i-ɪ] [v-v] [i-ɪ] [t-t] [y-i] ) ity
that ( [th-ð] [a-æ] [t-t] ); carry # car-ry ˈkæ.ri ( [c-k] [a-æ] [rr-r] [y-i] ) NULL; across # a-cross ə.ˈkrɒs ( [a-ə] [c-k] [r-r] [o-ɒ] [ss-s] ) NULL; essay # es-say e.ˈseɪ ( [e-e] [ss-s] [ay-eɪ] ) NULL; decide # de-cide dɪ.ˈsaɪd ( [d-d] [e-ɪ] [c-s] [i.e-aɪ] [d-d] ) NULL;  ; given # giv-en gɪv.ən ( [g-g] [i-ɪ] [v-v] [e-ə] [n-n] ) NULL;  ;  ; often # of-ten ˈɒf.tən ( [o-ɒ] [f-f] [t-t] [e-ə] [n-n] ) NULL; Democrat # de-mo-crat ˈde.mə.kræt ( [d-d] [e-e] [m-m] [o-ə] [c-k] [r-r] [a-æ] [t-t] ) NULL; difficulty # dif-fic-ul-ty ˈdɪ.fɪk.əl.ti ( [d-d] [i-ɪ] [ff-f] [i-ɪ] [c-k] [u-ə] [l-l] [t-t] [y-i] ) y; preliminary # pre-li-mi-na-ry prɪ.ˈlɪ.mɪ.nə.ri ( [p-p] [r-r] [e-ɪ] [l-l] [i-ɪ] [m-m] [i-ɪ] [n-n] [a-ə] [r-r] [y-i] ) NULL
with ( [w-w] [i-ɪ] [th-ð] ); table # tab-le ˈteɪb.əl ( [t-t] [a-eɪ] [b-b] [le-əl] ) NULL; nation # na-tion ˈneɪʃ.ən ( [n-n] [a-eɪ] [ti-ʃ] [o-ə] [n-n] ) NULL; inner # in-ner ˈɪ.nə ( [i-ɪ] [nn-n] [er-ə] ) NULL; against # a-gainst ə.ˈgenst ( [a-ə] [g-g] [ai-e] [n-n] [s-s] [t-t] ) NULL;  ; medal # med-al ˈmed.əl ( [m-m] [e-e] [d-d] [a-ə] [l-l] ) al;  ;  ; among # a-mong ə.ˈmʌŋ ( [a-ə] [m-m] [o-ʌ] [ng-ŋ] ) NULL; cultural # cul-tu-ral ˈkʌl.tʃə.rəl ( [c-k] [u-ʌ] [l-l] [t-tʃ] [u-ə] [r-r] [a-ə] [l-l] ) al; impossible # im-pos-sib-le ɪm.ˈpɒ.səb.əl ( [i-ɪ] [m-m] [p-p] [o-ɒ] [ss-s] [i-ə] [b-b] [le-əl] ) NULL; emotionally # e-mo-tio-nal-ly ɪ.ˈməʊ.ʃə.nə.li ( [e-ɪ] [m-m] [o-əʊ] [ti-ʃ] [o-ə] [n-n] [a-ə] [ll-l] [y-i] ) NULL
this ( [th-ð] [i-ɪ] [s-s] ); order # or-der ˈɔː.də ( [or-ɔː] [d-d] [er-ə] ) NULL; behind # be-hind bɪ.ˈhaɪnd ( [b-b] [e-ɪ] [h-h] [i-aɪ] [n-n] [d-d] ) NULL; index # in-dex ˈɪn.deks ( [i-ɪ] [n-n] [d-d] [e-e] [x-ks] ) NULL; believe # be-lieve bɪ.ˈliːv ( [b-b] [e-ɪ] [l-l] [ie.e-iː] [v-v] ) NULL;  ; exact # ex-act ɪg.ˈzækt ( [e-ɪ] [x-gz] [a-æ] [c-k] [t-t] ) NULL;  ;  ; later # la-ter ˈleɪ.tə ( [l-l] [a-eɪ] [t-t] [er-ə] ) NULL; suddenly # sud-den-ly sʌd.ən.li ( [s-s] [u-ʌ] [dd-d] [e-ə] [n-n] [l-l] [y-i] ) NULL; ultimately # ul-ti-mate-ly ˈʌl.tɪ.mət.li ( [u-ʌ] [l-l] [t-t] [i-ɪ] [m-m] [a-ə] [t-t] [e-] [l-l] [y-i] ) NULL; considerable # con-si-de-rab-le kən.ˈsɪ.də.rəb.əl ( [c-k] [o-ə] [n-n] [s-s] [i-ɪ] [d-d] [e-ə] [r-r] [a-ə] [b-b] [le-əl] ) able
they ( [th-ð] [ey-eɪ] ); enter # en-ter ˈen.tə ( [e-e] [n-n] [t-t] [er-ə] ) NULL; remain # re-main rɪ.ˈmeɪn ( [r-r] [e-ɪ] [m-m] [ai-eɪ] [n-n] ) NULL; action # ac-tion ˈæk.ʃən ( [a-æ] [c-k] [ti-ʃ] [o-ə] [n-n] ) NULL; provide # pro-vide prə.ˈvaɪd ( [p-p] [r-r] [o-ə] [v-v] [i.e-aɪ] [d-d] ) NULL;  ; toxic # tox-ic ˈtɒk.sɪk ( [t-t] [o-ɒ] [x-ks] [i-ɪ] [c-k] ) NULL;  ;  ; level # lev-el ˈlev.əl ( [l-l] [e-e] [v-v] [el-əl] ) NULL; employee # em-ploye-e ˌem.plɔɪ.ˈiː ( [e-e] [m-m] [p-p] [l-l] [oy-ɔɪ] [ee-iː] ) NULL; politician # po-li-ti-cian ˌpɒ.lɪ.ˈtɪʃ.ən ( [p-p] [o-ɒ] [l-l] [i-ɪ] [t-t] [i-ɪ] [ci-ʃ] [a-ə] [n-n] ) NULL; agricultural # ag-ri-cul-tu-ral ˌæg.rɪ.ˈkʌl.tʃə.rəl ( [a-æ] [g-g] [r-r] [i-ɪ] [c-k] [u-ʌ] [l-l] [t-tʃ] [u-ə] [r-r] [a-ə] [l-l] ) al
from ( [f-f] [r-r] [o-ɒ] [m-m] ); occur # oc-cur əˈk.ɜː ( [o-ə] [cc-k] [ur-ɜː] ) NULL; report # re-port rɪ.ˈpɔːt ( [r-r] [e-ɪ] [p-p] [or-ɔː] [t-t] ) NULL; couple # coup-le ˈkʌp.əl ( [c-k] [ou-ʌ] [p-p] [le-əl] ) NULL; several # se-veral ˈse.vrəl ( [s-s] [e-e] [v-v] [e-] [r-r] [a-ə] [l-l] ) al;  ; vocal # voc-al ˈvəʊk.əl ( [v-v] [o-əʊ] [c-k] [a-ə] [l-l] ) al;  ;  ; allow # al-low ə.ˈlaʊ ( [a-ə] [ll-l] [ow-aʊ] ) NULL; specific # spe-ci-fic spə.ˈsɪ.fɪk ( [s-s] [p-p] [e-ə] [c-s] [i-ɪ] [f-f] [i-ɪ] [c-k] ) NULL; opposition # op-po-si-tion ˌɒ.pə.ˈzɪʃ.ən ( [o-ɒ] [pp-p] [o-ə] [s-z] [i-ɪ] [ti-ʃ] [o-ə] [n-n] ) NULL; experimental # ex-pe-ri-men-tal ɪk.ˌspe.rɪ.ˈmen.təl ( [e-ɪ] [x-ks] [p-p] [e-e] [r-r] [i-ɪ] [m-m] [e-e] [n-n] [t-t] [a-ə] [l-l] ) al
what ( [wh-w] [a-ɒ] [t-t] ); seven # sev-en ˈsev.ən ( [s-s] [e-e] [v-v] [e-ə] [n-n] ) NULL; police # po-lice pə.ˈliːs ( [p-p] [o-ə] [l-l] [i-iː] [ce-s] ) NULL; centre # cen-ter ˈsen.tə ( [c-s] [e-e] [n-n] [t-t] [re-ə] ) NULL; process # pro-cess ˈprəʊ.ses ( [p-p] [r-r] [o-əʊ] [c-s] [e-e] [ss-s] ) NULL;  ; dining # din-ing ˈdaɪn.ɪŋ ( [d-d] [i-aɪ] [n-n] [i-ɪ] [ng-ŋ] ) NULL;  ;  ; party # par-ty ˈpɑː.ti ( [p-p] [ar-ɑː] [t-t] [y-i] ) y; politics # po-li-tics ˈpɒ.lɪ.tɪks ( [p-p] [o-ɒ] [l-l] [i-ɪ] [t-t] [i-ɪ] [c-k] [s-s] ) NULL; curriculum # cur-ri-cu-lum kə.ˈrɪ.kjʊ.ləm ( [c-k] [u-ə] [rr-r] [i-ɪ] [c-k] [u-jʊ] [l-l] [u-ə] [m-m] ) NULL; civilisation # ci-vi-li-za-tion ˌsɪ.vɪ.laɪ.ˈzeɪʃ.ən ( [c-s] [i-ɪ] [v-v] [i-ɪ] [l-l] [i-aɪ] [s-z] [a-eɪ] [ti-ʃ] [o-ə] [n-n] ) NULL
know ( [kn-n] [o-əʊ] [w-] ); happy # hap-py ˈhæp.i ( [h-h] [a-æ] [pp-p] [y-i] ) NULL; leader # lea-der ˈliː.də ( [l-l] [ea-iː] [d-d] [er-ə] ) NULL; matter # mat-ter ˈmæ.tə ( [m-m] [a-æ] [tt-t] [er-ə] ) NULL; require # re-quire rɪ.ˈkwaɪ.ə ( [r-r] [e-ɪ] [q-k] [u-w] [i-aɪ] [re-ə] ) NULL;  ; closer # clos-er ˈkləʊs.ə ( [c-k] [l-l] [o-əʊ] [s-s] [er-ə] ) NULL;  ;  ; maybe # may-be ˈmeɪ.biː ( [m-m] [ay-eɪ] [b-b] [e-iː] ) NULL; somebody # some-bo-dy ˈsʌm.bə.di ( [s-s] [o.e-ʌ] [m-m] [b-b] [o-ə] [d-d] [y-i] ) NULL; resolution # re-so-lu-tion ˌre.zə.ˈluːʃ.ən ( [r-r] [e-e] [s-z] [o-ə] [l-l] [u-uː] [ti-ʃ] [o-ə] [n-n] ) NULL; productivity # pro-duc-tiv-i-ty ˌprɒ.dʌk.ˈtɪv.ɪ.ti ( [p-p] [r-r] [o-ɒ] [d-d] [u-ʌ] [c-k] [t-t] [i-ɪ] [v-v] [i-ɪ] [t-t] [y-i] ) ity
make ( [m-m] [a.e-eɪ] [k-k] ); argue # ar-gue ˈɑː.gjuː ( [ar-ɑː] [g-g] [ue-juː] ) NULL; decide # de-cide dɪ.ˈsaɪd ( [d-d] [e-ɪ] [c-s] [i.e-aɪ] [d-d] ) NULL; itself # it-self ɪt.ˈself ( [i-ɪ] [t-t] [s-s] [e-e] [l-l] [f-f] ) NULL; copy # co-py ˈkɒ.pi ( [c-k] [o-ɒ] [p-p] [y-i] ) NULL;  ; shower # show-er ˈʃaʊ.ə ( [sh-ʃ] [ow-aʊ] [er-ə] ) NULL;  ;  ; early # ear-ly ˈɜː.li ( [ear-ɜː] [l-l] [y-i] ) NULL; discover # di-sco-ver dɪ.ˈskʌ.və ( [d-d] [i-ɪ] [s-s] [c-k] [o-ʌ] [v-v] [er-ə] ) NULL; immediately # im-me-diate-ly ɪ.ˈmiː.dɪət.li ( [i-ɪ] [mm-m] [e-iː] [d-d] [i-ɪ] [a-ə] [t-t] [e-] [l-l] [y-i] ) NULL; refrigerator # re-fri-ge-ra-tor rɪ.ˈfrɪ.dʒə.reɪ.tə ( [r-r] [e-ɪ] [f-f] [r-r] [i-ɪ] [g-dʒ] [e-ə] [r-r] [a-eɪ] [t-t] [or-ə] ) or
will ( [w-w] [i-ɪ] [ll-l] ); legal # leg-al ˈliːg.əl ( [l-l] [e-iː] [g-g] [a-ə] [l-l] ) al; problem # pro-blem ˈprɒ.bləm ( [p-p] [r-r] [o-ɒ] [b-b] [l-l] [e-ə] [m-m] ) NULL; doctor # doc-tor ˈdɒk.tə ( [d-d] [o-ɒ] [c-k] [t-t] [or-ə] ) or; Arab # a-rab ˈæ.rəb ( [a-æ] [r-r] [a-ə] [b-b] ) NULL;  ; cookie # cook-ie ˈkʊk.i ( [c-k] [oo-ʊ] [k-k] [ie-i] ) NULL;  ;  ; offer # of-fer ˈɒ.fə ( [o-ɒ] [ff-f] [er-ə] ) NULL; property # pro-per-ty ˈprɒ.pə.ti ( [p-p] [r-r] [o-ɒ] [p-p] [er-ə] [t-t] [y-i] ) ty; independent # in-de-pen-dent ˌɪn.dɪ.ˈpen.dənt ( [i-ɪ] [n-n] [d-d] [e-ɪ] [p-p] [e-e] [n-n] [d-d] [e-ə] [n-n] [t-t] ) NULL; Christianity # chris-ti-an-i-ty ˌkrɪs.tɪ.ˈæn.ɪ.tɪ ( [ch-k] [r-r] [i-ɪ] [s-s] [t-t] [i-ɪ] [a-æ] [n-n] [i-ɪ] [t-t] [y-ɪ] ) ity
year ( [y-j] [e-i] [ar-ə] ); enjoy # en-joy ɪn.ˈdʒoɪ ( [e-ɪ] [n-n] [j-dʒ] [oy-oɪ] ) NULL; against # a-gainst ə.ˈgenst ( [a-ə] [g-g] [ai-e] [n-n] [s-s] [t-t] ) NULL; window # win-dow ˈwɪn.dəʊ ( [w-w] [i-ɪ] [n-n] [d-d] [o-əʊ] [w-] ) NULL; iron # i-ron ˈaɪ.ən ( [i-aɪ] [ro-ə] [n-n] ) NULL;  ; govern # gov-ern ˈgʌv.ən ( [g-g] [o-ʌ] [v-v] [er-ə] [n-n] ) NULL;  ;  ; music # mu-sic ˈmjuː.zɪk ( [m-m] [u-juː] [s-z] [i-ɪ] [c-k] ) NULL; positive # po-si-tive ˈpɒ.zə.tɪv ( [p-p] [o-ɒ] [s-z] [i-ə] [t-t] [i.e-ɪ] [v-v] ) NULL; competition # com-pe-ti-tion ˌkɒm.pə.ˈtɪʃ.ən ( [c-k] [o-ɒ] [m-m] [p-p] [e-ə] [t-t] [i-ɪ] [ti-ʃ] [o-ə] [n-n] ) NULL; metropolitan # me-tro-po-li-tan ˌme.trə.ˈpɒ.lɪ.tən ( [m-m] [e-e] [t-t] [r-r] [o-ə] [p-p] [o-ɒ] [l-l] [i-ɪ] [t-t] [a-ə] [n-n] ) NULL
time ( [t-t] [i.e-aɪ] [m-m] ); final # fin-al ˈfaɪn.əl ( [f-f] [i-aɪ] [n-n] [a-ə] [l-l] ) al; program # pro-gram ˈprəʊ.græm ( [p-p] [r-r] [o-əʊ] [g-g] [r-r] [a-æ] [m-m] ) NULL; nearly # near-ly ˈnɪə.li ( [n-n] [ear-ɪə] [l-l] [y-i] ) NULL; vary # va-ry ˈveə.ri ( [v-v] [a-eə] [r-r] [y-i] ) NULL;  ; timing # tim-ing ˈtaɪm.ɪŋ ( [t-t] [i-aɪ] [m-m] [i-ɪ] [ng-ŋ] ) NULL;  ;  ; human # hu-man ˈhjuː.mən ( [h-h] [u-juː] [m-m] [a-ə] [n-n] ) NULL; magazine # ma-ga-zine ˌmæ.gə.ˈziːn ( [m-m] [a-æ] [g-g] [a-ə] [z-z] [i-iː] [n-n] [e-] ) NULL; responsible # re-spon-sib-le rɪ.ˈspɒn.sɪb.əl ( [r-r] [e-ɪ] [s-s] [p-p] [o-ɒ] [n-n] [s-s] [i-ɪ] [b-b] [le-əl] ) NULL; appreciation # ap-pre-ci-a-tion ə.ˌpriː.ʃi.ˈeɪʃ.ən ( [a-ə] [pp-p] [r-r] [e-iː] [ci-ʃi] [a-eɪ] [ti-ʃ] [o-ə] [n-n] ) NULL
when ( [wh-w] [e-e] [n-n] ); apply # ap-ply ə.ˈplaɪ ( [a-ə] [pp-p] [l-l] [y-aɪ] ) NULL; believe # be-lieve bɪ.ˈliːv ( [b-b] [e-ɪ] [l-l] [ie.e-iː] [v-v] ) NULL; summer # sum-mer ˈsʌ.mə ( [s-s] [u-ʌ] [mm-m] [er-ə] ) NULL; wire # wi-re ˈwaɪ.ə ( [w-w] [i-aɪ] [re-ə] ) NULL;  ; eating # eat-ing ˈiːt.ɪŋ ( [ea-iː] [t-t] [i-ɪ] [ng-ŋ] ) NULL;  ;  ; local # lo-cal ˈləʊ.kəl ( [l-l] [o-əʊ] [c-k] [a-ə] [l-l] ) al; president # pre-si-dent ˈpre.zɪ.dənt ( [p-p] [r-r] [e-e] [s-z] [i-ɪ] [d-d] [e-ə] [n-n] [t-t] ) NULL; participate # par-ti-ci-pate pɑː.ˈtɪ.sɪ.peɪt ( [p-p] [ar-ɑː] [t-t] [i-ɪ] [c-s] [i-ɪ] [p-p] [a.e-eɪ] [t-t] ) NULL; availability # a-vai-la-bi-li-ty ə.ˌveɪ.lɪ.ˈbɪ.lə.ti ( [a-ə] [v-v] [ai-eɪ] [l-l] [a-ɪ] [b-b] [i-ɪ] [l-l] [i-ə] [t-t] [y-i] ) ility
them ( [th-ð] [e-ə] [m-m] ); worry # wor-ry ˈwʌ.ri ( [w-w] [o-ʌ] [rr-r] [y-i] ) NULL; provide # pro-vide prə.ˈvaɪd ( [p-p] [r-r] [o-ə] [v-v] [i.e-aɪ] [d-d] ) NULL; letter # let-ter ˈle.tə ( [l-l] [e-e] [tt-t] [er-ə] ) NULL; holy # ho-ly ˈhəʊ.li ( [h-h] [o-əʊ] [l-l] [y-i] ) NULL;  ; tribal # trib-al ˈtraɪb.əl ( [t-t] [r-r] [i-aɪ] [b-b] [a-ə] [l-l] ) al;  ;  ; major # ma-jor ˈmeɪ.dʒə ( [m-m] [a-eɪ] [j-dʒ] [or-ə] ) or; including # in-clud-ing ɪn.ˈkluːd.ɪŋ ( [i-ɪ] [n-n] [c-k] [l-l] [u-uː] [d-d] [i-ɪ] [ng-ŋ] ) NULL; application # ap-plic-a-tion ˌæ.plɪˈk.eɪʃ.ən ( [a-æ] [pp-p] [l-l] [i-ɪ] [c-k] [a-eɪ] [ti-ʃ] [o-ə] [n-n] ) NULL; considerably # con-si-de-ra-bly kən.ˈsɪ.də.rə.bli ( [c-k] [o-ə] [n-n] [s-s] [i-ɪ] [d-d] [e-ə] [r-r] [a-ə] [b-b] [l-l] [y-i] ) NULL
just ( [j-dʒ] [u-ə] [s-s] [t-t] ); owner # ow-ner ˈəʊ.nə ( [ow-əʊ] [n-n] [er-ə] ) NULL; nothing # no-thing ˈnʌ.θɪŋ ( [n-n] [o-ʌ] [th-θ] [i-ɪ] [ng-ŋ] ) NULL; factor # fac-tor ˈfæk.tə ( [f-f] [a-æ] [c-k] [t-t] [or-ə] ) or; bury # bu-ry ˈbe.ri ( [b-b] [u-e] [r-r] [y-i] ) NULL;  ; ruling # rul-ing ˈruːl.ɪŋ ( [r-r] [u-uː] [l-l] [i-ɪ] [ng-ŋ] ) NULL;  ;  ; along # a-long ə.ˈlɒŋ ( [a-ə] [l-l] [o-ɒ] [ng-ŋ] ) NULL; according # ac-cord-ing əˈk.ɔːd.ɪŋ ( [a-ə] [cc-k] [or-ɔː] [d-d] [i-ɪ] [ng-ŋ] ) NULL; comfortable # com-for-ta-ble ˈkʌm.fər.tə.bəl ( [c-k] [o-ʌ] [m-m] [f-f] [o-ə] [r-r] [t-t] [a-ə] [b-b] [le-əl] ) able; deliberately # de-li-be-rate-ly dɪ.ˈlɪ.bə.rət.li ( [d-d] [e-ɪ] [l-l] [i-ɪ] [b-b] [e-ə] [r-r] [a-ə] [t-t] [e-] [l-l] [y-i] ) NULL
some ( [s-s] [o.e-ʌ] [m-m] ); exist # ex-ist ɪg.ˈzɪst ( [e-ɪ] [x-gz] [i-ɪ] [s-s] [t-t] ) NULL; several # se-veral ˈse.vrəl ( [s-s] [e-e] [v-v] [e-] [r-r] [a-ə] [l-l] ) al; common # com-mon ˈkɒ.mən ( [c-k] [o-ɒ] [mm-m] [o-ə] [n-n] ) NULL; event # e-vent ɪ.ˈvent ( [e-ɪ] [v-v] [e-e] [n-n] [t-t] ) NULL;  ; voting # vot-ing ˈvəʊt.ɪŋ ( [v-v] [o-əʊ] [t-t] [i-ɪ] [ng-ŋ] ) NULL;  ;  ; model # mod-el ˈmɒd.əl ( [m-m] [o-ɒ] [d-d] [el-əl] ) NULL; attention # at-ten-tion ə.ˈten.ʃən ( [a-ə] [tt-t] [e-e] [n-n] [ti-ʃ] [o-ə] [n-n] ) NULL; investigate # in-ve-sti-gate ɪn.ˈve.stɪ.geɪt ( [i-ɪ] [n-n] [v-v] [e-e] [s-s] [t-t] [i-ɪ] [g-g] [a.e-eɪ] [t-t] ) NULL; economically # ec-o-no-mic-ally ˌiːk.ə.ˈnɒ.mɪk.əli ( [e-iː] [c-k] [o-ə] [n-n] [o-ɒ] [m-m] [i-ɪ] [c-k] [a-ə] [ll-l] [y-i] ) ly
take ( [t-t] [a.e-eɪ] [k-k] ); total # tot-al ˈtəʊt.əl ( [t-t] [o-əʊ] [t-t] [a-ə] [l-l] ) al; whether # whe-ther ˈwe.ðə ( [wh-w] [e-e] [th-ð] [er-ə] ) NULL; artist # ar-tist ˈɑː.tɪst ( [ar-ɑː] [t-t] [i-ɪ] [s-s] [t-t] ) ist; paper # pa-per ˈpeɪ.pə ( [p-p] [a-eɪ] [p-p] [er-ə] ) NULL;  ; weaken # weak-en ˈwiːk.ən ( [w-w] [ea-iː] [k-k] [e-ə] [n-n] ) NULL;  ;  ; value # va-lue ˈvæ.ljuː ( [v-v] [a-æ] [l-l] [ue-juː] ) NULL; condition # con-di-tion kən.ˈdɪʃ.ən ( [c-k] [o-ə] [n-n] [d-d] [i-ɪ] [ti-ʃ] [o-ə] [n-n] ) NULL; combination # com-bi-na-tion ˌkɒm.bɪ.ˈneɪʃ.ən ( [c-k] [o-ɒ] [m-m] [b-b] [i-ɪ] [n-n] [a-eɪ] [ti-ʃ] [o-ə] [n-n] ) NULL; sophisticated # so-phi-stic-a-ted sə.ˈfɪ.stɪk.eɪ.tɪd ( [s-s] [o-ə] [ph-f] [i-ɪ] [s-s] [t-t] [i-ɪ] [c-k] [a-eɪ] [t-t] [e-ɪ] [d-d] ) NULL
your ( [y-j] [our-ə] ); admit # ad-mit əd.ˈmɪt ( [a-ə] [d-d] [m-m] [i-ɪ] [t-t] ) NULL; teacher # tea-cher ˈtiː.tʃə ( [t-t] [ea-iː] [ch-tʃ] [er-ə] ) NULL; attack # at-tack ə.ˈtæk ( [a-ə] [tt-t] [a-æ] [ck-k] ) NULL; image # i-mage ˈɪ.mɪdʒ ( [i-ɪ] [m-m] [a-ɪ] [ge-dʒ] ) NULL;  ; brutal # brut-al ˈbruːt.əl ( [b-b] [r-r] [u-uː] [t-t] [a-ə] [l-l] ) al;  ;  ; system # sy-stem ˈsɪ.stəm ( [s-s] [y-ɪ] [s-s] [t-t] [e-ə] [m-m] ) NULL; behaviour # be-ha-vior bɪ.ˈheɪ.vjə ( [b-b] [e-ɪ] [h-h] [a-eɪ] [v-v] [i-j] [our-ə] ) NULL; expectation # ex-pec-ta-tion ˌek.spek.ˈteɪʃ.ən ( [e-e] [x-ks] [p-p] [e-e] [c-k] [t-t] [a-eɪ] [ti-ʃ] [o-ə] [n-n] ) NULL; manufacturing # ma-nu-fac-tur-ing ˌmæ.njʊ.ˈfæk.tʃər.ɪŋ ( [m-m] [a-æ] [n-n] [u-jʊ] [f-f] [a-æ] [c-k] [t-tʃ] [u-ə] [r-r] [i-ɪ] [ng-ŋ] ) NULL
come ( [c-k] [o.e-ʌ] [m-m] ); sorry # sor-ry ˈsɒ.ri ( [s-s] [o-ɒ] [rr-r] [y-i] ) NULL; process # pro-cess ˈprəʊ.ses ( [p-p] [r-r] [o-əʊ] [c-s] [e-e] [ss-s] ) NULL; wonder # won-der ˈwʌn.də ( [w-w] [o-ʌ] [n-n] [d-d] [er-ə] ) NULL; cover # co-ver ˈkʌ.və ( [c-k] [o-ʌ] [v-v] [er-ə] ) NULL;  ; coming # com-ing ˈkʌm.ɪŋ ( [c-k] [o-ʌ] [m-m] [i-ɪ] [ng-ŋ] ) NULL;  ;  ; during # dur-ing ˈdjʊər.ɪŋ ( [d-d] [u-jʊə] [r-r] [i-ɪ] [ng-ŋ] ) NULL; represent # re-pre-sent ˌriː.prɪ.ˈzent ( [r-r] [e-iː] [p-p] [r-r] [e-ɪ] [s-z] [e-e] [n-n] [t-t] ) NULL; interaction # in-te-rac-tion ˌɪn.tə.ˈræk.ʃən ( [i-ɪ] [n-n] [t-t] [e-ə] [r-r] [a-æ] [c-k] [ti-ʃ] [o-ə] [n-n] ) NULL; technological # tech-no-lo-gic-al ˌtek.nə.ˈlɒ.dʒɪk.əl ( [t-t] [e-e] [ch-k] [n-n] [o-ə] [l-l] [o-ɒ] [g-dʒ] [i-ɪ] [c-k] [a-ə] [l-l] ) al
than ( [th-ð] [a-æ] [n-n] ); dozen # doz-en ˈdʌz.ən ( [d-d] [o-ʌ] [z-z] [e-ə] [n-n] ) NULL; someone # some-one ˈsʌm.wʌn ( [s-s] [o.e-ʌ] [m-m] [one-wʌn] ) NULL; pretty # pret-ty ˈprɪ.ti ( [p-p] [r-r] [e-ɪ] [tt-t] [y-i] ) NULL; movie # mo-vie ˈmuː.vi ( [m-m] [o-uː] [v-v] [ie-i] ) NULL;  ; trading # trad-ing ˈtreɪd.ɪŋ ( [t-t] [r-r] [a-eɪ] [d-d] [i-ɪ] [ng-ŋ] ) NULL;  ;  ; number # num-ber ˈnʌm.bə ( [n-n] [u-ʌ] [m-m] [b-b] [er-ə] ) NULL; determine # de-ter-mine dɪ.ˈtɜː.mɪn ( [d-d] [e-ɪ] [t-t] [er-ɜː] [m-m] [i.e-ɪ] [n-n] ) NULL; conversation # con-ver-sa-tion ˌkɒn.və.ˈseɪʃ.ən ( [c-k] [o-ɒ] [n-n] [v-v] [er-ə] [s-s] [a-eɪ] [ti-ʃ] [o-ə] [n-n] ) NULL; traditionally # tra-di-tio-nal-ly trə.ˈdɪ.ʃə.nə.li ( [t-t] [r-r] [a-ə] [d-d] [i-ɪ] [ti-ʃ] [o-ə] [n-n] [a-ə] [ll-l] [y-i] ) NULL
like ( [l-l] [i.e-aɪ] [k-k] ); title # tit-le ˈtaɪt.əl ( [t-t] [i-aɪ] [t-t] [le-əl] ) NULL; require # re-quire rɪ.ˈkwaɪ.ə ( [r-r] [e-ɪ] [q-k] [u-w] [i-aɪ] [re-ə] ) NULL; accept # ac-cept ək.ˈsept ( [a-ə] [c-k] [c-s] [e-e] [p-p] [t-t] ) NULL; media # me-dia ˈmiː.dɪə ( [m-m] [e-iː] [d-d] [i-ɪ] [a-ə] ) NULL;  ; driving # driv-ing ˈdraɪv.ɪŋ ( [d-d] [r-r] [i-aɪ] [v-v] [i-ɪ] [ng-ŋ] ) NULL;  ;  ; happen # hap-pen ˈhæ.pən ( [h-h] [a-æ] [pp-p] [e-ə] [n-n] ) NULL; recognise # rec-og-nise ˈrek.əg.naɪz ( [r-r] [e-e] [c-k] [o-ə] [g-g] [n-n] [i-aɪ] [se-z] ) NULL; intelligence # in-tel-li-gence ɪn.ˈte.lɪ.dʒəns ( [i-ɪ] [n-n] [t-t] [e-e] [ll-l] [i-ɪ] [g-dʒ] [e-ə] [n-n] [ce-s] ) NULL; uncomfortable # un-com-for-ta-ble ʌn.ˈkʌm.fər.tə.bəl ( [u-ʌ] [n-n] [c-k] [o-ʌ] [m-m] [f-f] [o-ə] [r-r] [t-t] [a-ə] [b-b] [le-əl] ) able
then ( [th-ð] [e-e] [n-n] ); marry # mar-ry ˈmæ.ri ( [m-m] [a-æ] [rr-r] [y-i] ) NULL; copy # co-py ˈkɒ.pi ( [c-k] [o-ɒ] [p-p] [y-i] ) NULL; lawyer # law-yer ˈlɔː.jə ( [l-l] [aw-ɔː] [y-j] [er-ə] ) NULL; ready # rea-dy ˈre.di ( [r-r] [ea-e] [d-d] [y-i] ) NULL;  ; someday # som-eday ˈsʌm.deɪ ( [s-s] [o-ʌ] [m-m] [ed-d] [ay-eɪ] ) NULL;  ;  ; always # al-ways ˈɔːl.weɪz ( [a-ɔː] [l-l] [w-w] [ay-eɪ] [s-z] ) NULL; character # cha-rac-ter ˈkæ.rək.tə ( [ch-k] [a-æ] [r-r] [a-ə] [c-k] [t-t] [er-ə] ) NULL; presidential # pre-si-den-tial ˌpre.zɪ.ˈden.ʃəl ( [p-p] [r-r] [e-e] [s-z] [i-ɪ] [d-d] [e-e] [n-n] [ti-ʃ] [a-ə] [l-l] ) tial; determination # de-ter-mi-na-tion dɪ.ˌtɜː.mɪ.ˈneɪʃ.ən ( [d-d] [e-ɪ] [t-t] [er-ɜː] [m-m] [i-ɪ] [n-n] [a-eɪ] [ti-ʃ] [o-ə] [n-n] ) NULL
more ( [m-m] [ore-ɔː] ); actor # ac-tor ˈæk.tər ( [a-æ] [c-k] [t-t] [o-ə] [r-r] ) or; diet # di-et ˈdaɪ.ət ( [d-d] [i-aɪ] [e-ə] [t-t] ) NULL; arrive # ar-rive ə.ˈraɪv ( [a-ə] [rr-r] [i.e-aɪ] [v-v] ) NULL; above # a-bove ə.ˈbʌv ( [a-ə] [b-b] [o.e-ʌ] [v-v] ) NULL;  ; closest # clos-est ˈkləʊs.ɪst ( [c-k] [l-l] [o-əʊ] [s-s] [e-ɪ] [s-s] [t-t] ) NULL;  ;  ; before # be-fore bɪ.ˈfɔː ( [b-b] [e-ɪ] [f-f] [ore-ɔː] ) NULL; financial # fi-nan-cial faɪ.ˈnæn.ʃəl ( [f-f] [i-aɪ] [n-n] [a-æ] [n-n] [ci-ʃ] [a-ə] [l-l] ) cial; increasingly # in-crea-sing-ly ɪn.ˈkriː.sɪŋ.li ( [i-ɪ] [n-n] [c-k] [r-r] [ea-iː] [s-s] [i-ɪ] [ng-ŋ] [l-l] [y-i] ) NULL; collaboration # col-la-bo-ra-tion kə.ˌlæ.bə.ˈreɪʃ.ən ( [c-k] [o-ə] [ll-l] [a-æ] [b-b] [o-ə] [r-r] [a-eɪ] [ti-ʃ] [o-ə] [n-n] ) NULL
want ( [w-w] [a-ɒ] [n-n] [t-t] ); fully # ful-ly ˈfʊ.li ( [f-f] [u-ʊ] [ll-l] [y-i] ) NULL; Arab # a-rab ˈæ.rəb ( [a-æ] [r-r] [a-ə] [b-b] ) NULL; indeed # in-deed ɪn.ˈdiːd ( [i-ɪ] [n-n] [d-d] [ee-iː] [d-d] ) NULL; radio # ra-dio ˈreɪ.dɪəʊ ( [r-r] [a-eɪ] [d-d] [i-ɪ] [o-əʊ] ) NULL;  ; shooting # shoot-ing ˈʃuːt.ɪŋ ( [sh-ʃ] [oo-uː] [t-t] [i-ɪ] [ng-ŋ] ) NULL;  ;  ; mother # moth-er ˈmʌð.ə ( [m-m] [o-ʌ] [th-ð] [er-ə] ) NULL; professor # pro-fes-sor prə.ˈfe.sə ( [p-p] [r-r] [o-ə] [f-f] [e-e] [ss-s] [or-ə] ) or; intervention # in-ter-ven-tion ˌɪn.tə.ˈven.ʃən ( [i-ɪ] [n-n] [t-t] [er-ə] [v-v] [e-e] [n-n] [ti-ʃ] [o-ə] [n-n] ) NULL; revolutionary # re-vo-lu-tiona-ry ˌre.və.ˈluː.ʃən.ri ( [r-r] [e-e] [v-v] [o-ə] [l-l] [u-uː] [ti-ʃ] [o-ə] [n-n] [a-] [r-r] [y-i] ) NULL
look ( [l-l] [oo-ʊ] [k-k] ); extra # ex-tra ˈek.strə ( [e-e] [x-ks] [t-t] [r-r] [a-ə] ) NULL; iron # i-ron ˈaɪ.ən ( [i-aɪ] [ro-ə] [n-n] ) NULL; forget # for-get fə.ˈget ( [f-f] [or-ə] [g-g] [e-e] [t-t] ) NULL; visit # vi-sit ˈvɪ.zɪt ( [v-v] [i-ɪ] [s-z] [i-ɪ] [t-t] ) NULL;  ; striking # strik-ing ˈstraɪk.ɪŋ ( [s-s] [t-t] [r-r] [i-aɪ] [k-k] [i-ɪ] [ng-ŋ] ) NULL;  ;  ; little # lit-tle ˈlɪt.əl ( [l-l] [i-ɪ] [tt-t] [le-əl] ) NULL; religious # re-li-gious rɪ.ˈlɪ.dʒəs ( [r-r] [e-ɪ] [l-l] [i-ɪ] [gi-dʒ] [ou-ə] [s-s] ) ious; contribution # con-tri-bu-tion ˌkɒn.trɪ.ˈbjuːʃ.ən ( [c-k] [o-ɒ] [n-n] [t-t] [r-r] [i-ɪ] [b-b] [u-juː] [ti-ʃ] [o-ə] [n-n] ) NULL; automatically # au-to-ma-tic-ally ˌɔː.tə.ˈmæ.tɪk.əli ( [au-ɔː] [t-t] [o-ə] [m-m] [a-æ] [t-t] [i-ɪ] [c-k] [a-ə] [ll-l] [y-i] ) ly
here ( [h-h] [e-ɪ] [re-ə] ); urban # ur-ban ˈɜː.bən ( [u-ɜː] [r-] [b-b] [a-ə] [n-n] ) NULL; vary # va-ry ˈveə.ri ( [v-v] [a-eə] [r-r] [y-i] ) NULL; expert # ex-pert ˈek.spɜːt ( [e-e] [x-ks] [p-p] [er-ɜː] [t-t] ) NULL; avoid # a-void ə.ˈvɔɪd ( [a-ə] [v-v] [oi-ɔɪ] [d-d] ) NULL;  ; screening # screen-ing ˈskriːn.ɪŋ ( [s-s] [c-k] [r-r] [ee-iː] [n-n] [i-ɪ] [ng-ŋ] ) NULL;  ;  ; father # fath-er ˈfɑːð.ə ( [f-f] [a-ɑː] [th-ð] [er-ə] ) NULL; establish # e-sta-blish ɪ.ˈstæ.blɪʃ ( [e-ɪ] [s-s] [t-t] [a-æ] [b-b] [l-l] [i-ɪ] [sh-ʃ] ) NULL; conservative # con-ser-va-tive kən.ˈsɜː.və.tɪv ( [c-k] [o-ə] [n-n] [s-s] [er-ɜː] [v-v] [a-ə] [t-t] [i.e-ɪ] [v-v] ) NULL; developmental # de-ve-lop-men-tal dɪ.ˌve.ləp.ˈmen.təl ( [d-d] [e-ɪ] [v-v] [e-e] [l-l] [o-ə] [p-p] [m-m] [e-e] [n-n] [t-t] [a-ə] [l-l] ) al
well ( [w-w] [e-e] [ll-l] ); empty # emp-ty ˈemp.ti ( [e-e] [m-m] [p-p] [t-t] [y-i] ) NULL; wire # wi-re ˈwaɪ.ə ( [w-w] [i-aɪ] [re-ə] ) NULL; impact # im-pact ɪm.ˈpækt ( [i-ɪ] [m-m] [p-p] [a-æ] [c-k] [t-t] ) NULL; adult # a-dult ˈæ.dʌlt ( [a-æ] [d-d] [u-ʌ] [l-l] [t-t] ) NULL;  ; naval # nav-al ˈneɪv.əl ( [n-n] [a-eɪ] [v-v] [a-ə] [l-l] ) al;  ;  ; around # a-round ə.ˈraʊnd ( [a-ə] [r-r] [ou-aʊ] [n-n] [d-d] ) NULL; candidate # can-di-date ˈkæn.dɪ.dət ( [c-k] [a-æ] [n-n] [d-d] [i-ɪ] [d-d] [a-ə] [t-t] [e-] ) NULL; contemporary # con-tem-pora-ry kən.ˈtem.prə.ri ( [c-k] [o-ə] [n-n] [t-t] [e-e] [m-m] [p-p] [o-] [r-r] [a-ə] [r-r] [y-i] ) NULL; unprecedented # un-pre-ce-den-ted ʌn.ˈpre.sɪ.den.tɪd ( [u-ʌ] [n-n] [p-p] [r-r] [e-e] [c-s] [e-ɪ] [d-d] [e-e] [n-n] [t-t] [e-ɪ] [d-d] ) NULL
find ( [f-f] [i-aɪ] [n-n] [d-d] ); metal # met-al ˈmet.əl ( [m-m] [e-e] [t-t] [a-ə] [l-l] ) al; holy # ho-ly ˈhəʊ.li ( [h-h] [o-əʊ] [l-l] [y-i] ) NULL; affect # af-fect ə.ˈfekt ( [a-ə] [ff-f] [e-e] [c-k] [t-t] ) NULL; ahead # a-head ə.ˈhed ( [a-ə] [h-h] [ea-e] [d-d] ) NULL;  ; fatal # fat-al ˈfeɪt.əl ( [f-f] [a-eɪ] [t-t] [a-ə] [l-l] ) al;  ;  ; member # mem-ber ˈmem.bə ( [m-m] [e-e] [m-m] [b-b] [er-ə] ) NULL; interview # in-ter-view ˈɪn.tə.vjuː ( [i-ɪ] [n-n] [t-t] [er-ə] [v-v] [iew-juː] ) NULL; specifically # spe-ci-fic-ally spə.ˈsɪ.fɪk.əli ( [s-s] [p-p] [e-ə] [c-s] [i-ɪ] [f-f] [i-ɪ] [c-k] [a-ə] [ll-l] [y-i] ) ly; philosophical # phi-lo-so-phic-al ˌfɪ.lə.ˈsɒ.fɪk.əl ( [ph-f] [i-ɪ] [l-l] [o-ə] [s-s] [o-ɒ] [ph-f] [i-ɪ] [c-k] [a-ə] [l-l] ) al
tell ( [t-t] [e-e] [ll-l] ); panel # pan-el ˈpæn.əl ( [p-p] [a-æ] [n-n] [el-əl] ) NULL; bury # bu-ry ˈbe.ri ( [b-b] [u-e] [r-r] [y-i] ) NULL; inside # in-side ɪn.ˈsaɪd ( [i-ɪ] [n-n] [s-s] [i.e-aɪ] [d-d] ) NULL; hotel # ho-tel ˌhəʊ.ˈtel ( [h-h] [o-əʊ] [t-t] [e-e] [l-l] ) NULL;  ; boring # bor-ing ˈbɔːr.ɪŋ ( [b-b] [o-ɔː] [r-r] [i-ɪ] [ng-ŋ] ) NULL;  ;  ; social # so-cial ˈsəʊʃ.əl ( [s-s] [o-əʊ] [ci-ʃ] [a-ə] [l-l] ) cial; direction # di-rec-tion dɪ.ˈrek.ʃən ( [d-d] [i-ɪ] [r-r] [e-e] [c-k] [ti-ʃ] [o-ə] [n-n] ) NULL; understanding # un-der-stand-ing ˌʌn.də.ˈstænd.ɪŋ ( [u-ʌ] [n-n] [d-d] [er-ə] [s-s] [t-t] [a-æ] [n-n] [d-d] [i-ɪ] [ng-ŋ] ) NULL; discrimination # di-scri-mi-na-tion dɪ.ˌskrɪ.mɪ.ˈneɪʃ.ən ( [d-d] [i-ɪ] [s-s] [c-k] [r-r] [i-ɪ] [m-m] [i-ɪ] [n-n] [a-eɪ] [ti-ʃ] [o-ə] [n-n] ) NULL
give ( [g-g] [i.e-ɪ] [v-v] ); novel # nov-el ˈnɒv.əl ( [n-n] [o-ɒ] [v-v] [el-əl] ) NULL; poem # po-em ˈpəʊ.ɪm ( [p-p] [o-əʊ] [e-ɪ] [m-m] ) NULL; finger # fin-ger ˈfɪŋ.gə ( [f-f] [i-ɪ] [n-ŋ] [g-g] [er-ə] ) NULL; heavy # hea-vy ˈhe.vi ( [h-h] [ea-e] [v-v] [y-i] ) NULL;  ;  ;  ;  ; almost # al-most ˈɔːl.məʊst ( [a-ɔː] [l-l] [m-m] [o-əʊ] [s-s] [t-t] ) NULL; beautiful # beau-ti-ful ˈbjuː.tə.fəl ( [b-b] [eau-juː] [t-t] [i-ə] [f-f] [u-] [l-əl] ) ful; utility # u-ti-li-ty juː.ˈtɪ.lɪ.ti ( [u-juː] [t-t] [i-ɪ] [l-l] [i-ɪ] [t-t] [y-i] ) ility; identification # i-den-ti-fic-a-tion aɪ.ˌden.tɪ.fɪˈk.eɪʃ.ən ( [i-aɪ] [d-d] [e-e] [n-n] [t-t] [i-ɪ] [f-f] [i-ɪ] [c-k] [a-eɪ] [ti-ʃ] [o-ə] [n-n] ) NULL
back ( [b-b] [a-æ] [ck-k] ); angry # an-gry ˈæŋ.gri ( [a-æ] [n-ŋ] [g-g] [r-r] [y-i] ) NULL; agree # a-gree ə.ˈgriː ( [a-ə] [g-g] [r-r] [ee-iː] ) NULL; cancer # can-cer ˈkæn.sə ( [c-k] [a-æ] [n-n] [c-s] [er-ə] ) NULL; agent # a-gent ˈeɪ.dʒənt ( [a-eɪ] [g-dʒ] [e-ə] [n-n] [t-t] ) NULL;  ;  ;  ;  ; minute # mi-nute maɪ.ˈnjuːt ( [m-m] [i-aɪ] [n-n] [u.e-juː] [t-t] ) NULL; government # go-vern-ment ˈgʌ.vən.mənt ( [g-g] [o-ʌ] [v-v] [er-ə] [n-n] [m-m] [e-ə] [n-n] [t-t] ) ment; priority # pri-o-ri-ty praɪ.ˈɒ.rɪ.ti ( [p-p] [r-r] [i-aɪ] [o-ɒ] [r-r] [i-ɪ] [t-t] [y-i] ) ity; implementation # im-ple-men-ta-tion ˌɪm.plɪ.men.ˈteɪʃ.ən ( [i-ɪ] [m-m] [p-p] [l-l] [e-ɪ] [m-m] [e-e] [n-n] [t-t] [a-eɪ] [ti-ʃ] [o-ə] [n-n] ) NULL
good ( [g-g] [oo-ʊ] [d-d] ); funny # fun-ny ˈfʌ.ni ( [f-f] [u-ʌ] [nn-n] [y-i] ) NULL; event # e-vent ɪ.ˈvent ( [e-ɪ] [v-v] [e-e] [n-n] [t-t] ) NULL; support # sup-port sə.ˈpɔːt ( [s-s] [u-ə] [pp-p] [or-ɔː] [t-t] ) NULL; civil # ci-vil ˈsɪ.vəl ( [c-s] [i-ɪ] [v-v] [i-ə] [l-l] ) NULL;  ;  ;  ;  ; public # pu-blic ˈpʌ.blɪk ( [p-p] [u-ʌ] [b-b] [l-l] [i-ɪ] [c-k] ) NULL; understand # un-der-stand ˌʌn.də.ˈstænd ( [u-ʌ] [n-n] [d-d] [er-ə] [s-s] [t-t] [a-æ] [n-n] [d-d] ) NULL; educator # e-duc-a-tor ˈe.dʒʊk.eɪ.tə ( [e-e] [d-dʒ] [u-ʊ] [c-k] [a-eɪ] [t-t] [or-ə] ) or; administrative # ad-mi-ni-stra-tive əd.ˈmɪ.nɪ.strə.tɪv ( [a-ə] [d-d] [m-m] [i-ɪ] [n-n] [i-ɪ] [s-s] [t-t] [r-r] [a-ə] [t-t] [i.e-ɪ] [v-v] ) NULL
life ( [l-l] [i.e-aɪ] [f-f] ); cable # cab-le ˈkeɪb.əl ( [c-k] [a-eɪ] [b-b] [le-əl] ) NULL; paper # pa-per ˈpeɪ.pə ( [p-p] [a-eɪ] [p-p] [er-ə] ) NULL; picture # pic-ture ˈpɪk.tʃər ( [p-p] [i-ɪ] [c-k] [t-tʃ] [u-ə] [r-r] [e-] ) NULL; video # vi-deo ˈvɪ.dɪəʊ ( [v-v] [i-ɪ] [d-d] [e-ɪ] [o-əʊ] ) NULL;  ;  ;  ;  ; parent # pa-rent ˈpeə.rənt ( [p-p] [a-eə] [r-r] [e-ə] [n-n] [t-t] ) NULL; everything # eve-ry-thing ˈev.rɪ.θɪŋ ( [e-e] [v-v] [e-] [r-r] [y-ɪ] [th-θ] [i-ɪ] [ng-ŋ] ) NULL; recovery # re-cov-er-y rɪ.ˈkʌv.ər.i ( [r-r] [e-ɪ] [c-k] [o-ʌ] [v-v] [e-ə] [r-r] [y-i] ) NULL; organizational # or-ga-ni-za-tional ˌɔː.gə.naɪ.ˈzeɪ.ʃnəl ( [or-ɔː] [g-g] [a-ə] [n-n] [i-aɪ] [z-z] [a-eɪ] [ti-ʃ] [o-] [n-n] [a-ə] [l-l] ) al
down ( [d-d] [ow-aʊ] [n-n] ); upper # up-per ˈʌ.pə ( [u-ʌ] [pp-p] [er-ə] ) NULL; image # i-mage ˈɪ.mɪdʒ ( [i-ɪ] [m-m] [a-ɪ] [ge-dʒ] ) NULL; culture # cul-ture ˈkʌl.tʃər ( [c-k] [u-ʌ] [l-l] [t-tʃ] [u-ə] [r-r] [e-] ) NULL; alone # a-lone ə.ˈləʊn ( [a-ə] [l-l] [o.e-əʊ] [n-n] ) NULL;  ;  ;  ;  ; follow # fol-low ˈfɒ.ləʊ ( [f-f] [o-ɒ] [ll-l] [o-əʊ] [w-] ) NULL; management # ma-nage-ment ˈmæ.nɪdʒ.mənt ( [m-m] [a-æ] [n-n] [a-ɪ] [ge-dʒ] [m-m] [e-ə] [n-n] [t-t] ) ment; Canadian # ca-na-di-an kə.ˈneɪ.dɪ.ən ( [c-k] [a-ə] [n-n] [a-eɪ] [d-d] [i-ɪ] [a-ə] [n-n] ) NULL; rehabilitation # reha-bi-li-ta-tion ˌriːə.ˌbɪ.lɪ.ˈteɪʃ.ən ( [r-r] [e-iː] [h-] [a-ə] [b-b] [i-ɪ] [l-l] [i-ɪ] [t-t] [a-eɪ] [ti-ʃ] [o-ə] [n-n] ) NULL
work ( [w-w] [or-ɜː] [k-k] ); lower # low-er ˈləʊ.ə ( [l-l] [ow-əʊ] [er-ə] ) NULL; cover # co-ver ˈkʌ.və ( [c-k] [o-ʌ] [v-v] [er-ə] ) NULL; billion # bil-lion ˈbɪ.lɪəŋ ( [b-b] [i-ɪ] [ll-l] [i-ɪ] [o-ə] [n-ŋ] ) NULL; basic # ba-sic ˈbeɪ.sɪk ( [b-b] [a-eɪ] [s-s] [i-ɪ] [c-k] ) NULL;  ;  ;  ;  ; create # cre-ate kriː.ˈeɪt ( [c-k] [r-r] [e-iː] [a.e-eɪ] [t-t] ) NULL; production # pro-duc-tion prə.ˈdʌk.ʃən ( [p-p] [r-r] [o-ə] [d-d] [u-ʌ] [c-k] [ti-ʃ] [o-ə] [n-n] ) NULL; literary # li-te-ra-ry ˈlɪ.tə.rə.ri ( [l-l] [i-ɪ] [t-t] [e-ə] [r-r] [a-ə] [r-r] [y-i] ) NULL; accountability # ac-coun-ta-bi-li-ty əˌk.aʊn.tə.ˈbɪ.lə.ti ( [a-ə] [cc-k] [ou-aʊ] [n-n] [t-t] [a-ə] [b-b] [i-ɪ] [l-l] [i-ə] [t-t] [y-i] ) ility
call ( [c-k] [a-ɔː] [ll-l] ); asset # as-set ˈæ.set ( [a-æ] [ss-s] [e-e] [t-t] ) NULL; movie # mo-vie ˈmuː.vi ( [m-m] [o-uː] [v-v] [ie-i] ) NULL; subject # sub-ject sʌb.ˈdʒekt ( [s-s] [u-ʌ] [b-b] [j-dʒ] [e-e] [c-k] [t-t] ) NULL; refer # re-fer rɪ.ˈfɜː ( [r-r] [e-ɪ] [f-f] [er-ɜː] ) NULL;  ;  ;  ;  ; result # re-sult rɪ.ˈzʌlt ( [r-r] [e-ɪ] [s-z] [u-ʌ] [l-l] [t-t] ) NULL; conference # con-fe-rence ˈkɒn.fə.rəns ( [c-k] [o-ɒ] [n-n] [f-f] [e-ə] [r-r] [e-ə] [n-n] [ce-s] ) NULL; ceremony # ce-re-mo-ny ˈse.rɪ.mə.ni ( [c-s] [e-e] [r-r] [e-ɪ] [m-m] [o-ə] [n-n] [y-i] ) NULL;  
last ( [l-l] [a-ɑː] [s-s] [t-t] ); hello # hel-lo hə.ˈləʊ ( [h-h] [e-ə] [ll-l] [o-əʊ] ) NULL; media # me-dia ˈmiː.dɪə ( [m-m] [e-iː] [d-d] [i-ɪ] [a-ə] ) NULL; current # cur-rent ˈkʌ.rənt ( [c-k] [u-ʌ] [rr-r] [e-ə] [n-n] [t-t] ) NULL; basis # ba-sis ˈbeɪ.sɪs ( [b-b] [a-eɪ] [s-s] [i-ɪ] [s-s] ) NULL;  ;  ;  ;  ; others # oth-ers ˈʌð.əz ( [o-ʌ] [th-ð] [er-ə] [s-z] ) NULL; commercial # com-mer-cial kə.ˈmɜːʃ.əl ( [c-k] [o-ə] [mm-m] [er-ɜː] [ci-ʃ] [a-ə] [l-l] ) al; seriously # ser-i-ous-ly ˈsɪər.ɪ.əs.li ( [s-s] [er-ɪər] [i-ɪ] [ou-ə] [s-s] [l-l] [y-i] ) NULL;  
need ( [n-n] [ee-iː] [d-d] ); lucky # luck-y ˈlʌk.i ( [l-l] [u-ʌ] [ck-k] [y-i] ) NULL; ready # rea-dy ˈre.di ( [r-r] [ea-e] [d-d] [y-i] ) NULL; husband # hus-band ˈhʌz.bənd ( [h-h] [u-ʌ] [s-z] [b-b] [a-ə] [n-n] [d-d] ) NULL; limit # li-mit ˈlɪ.mɪt ( [l-l] [i-ɪ] [m-m] [i-ɪ] [t-t] ) NULL;  ;  ;  ;  ; office # of-fice ˈɒf.ɪs ( [o-ɒ] [ff-f] [i-ɪ] [ce-s] ) NULL; discussion # di-scus-sion dɪ.ˈskʌʃ.ən ( [d-d] [i-ɪ] [s-s] [c-k] [u-ʌ] [ssi-ʃ] [o-ə] [n-n] ) NULL; secretary # se-cre-ta-ry ˈse.krə.tə.ri ( [s-s] [e-e] [c-k] [r-r] [e-ə] [t-t] [a-ə] [r-r] [y-i] ) NULL;  
feel ( [f-f] [ee-iː] [l-l] ); error # er-ror ˈe.rə ( [e-e] [rr-r] [or-ə] ) NULL; trial # tri-al ˈtraɪ.əl ( [t-t] [r-r] [i-aɪ] [a-ə] [l-l] ) al; involve # in-volve ɪn.ˈvɒlv ( [i-ɪ] [n-n] [v-v] [o-ɒ] [l-l] [v-v] [e-] ) NULL; river # ri-ver ˈrɪ.və ( [r-r] [i-ɪ] [v-v] [er-ə] ) NULL;  ;  ;  ;  ; within # with-in wɪð.ˈiːn ( [w-w] [i-ɪ] [th-ð] [i-iː] [n-n] ) NULL; performance # per-for-mance pə.ˈfɔː.məns ( [p-p] [er-ə] [f-f] [or-ɔː] [m-m] [a-ə] [n-n] [ce-s] ) NULL; criticism # cri-ti-ci-sm ˈkrɪ.tɪ.sɪ.zəm ( [c-k] [r-r] [i-ɪ] [t-t] [i-ɪ] [c-s] [i-ɪ] [s-zə] [m-m] ) NULL;  
